-- phpMyAdmin SQL Dump
-- version 5.1.3
-- https://www.phpmyadmin.net/
--
-- Host: 127.0.0.1
-- Generation Time: Apr 16, 2022 at 11:19 AM
-- Server version: 10.4.24-MariaDB
-- PHP Version: 7.4.28

SET SQL_MODE = "NO_AUTO_VALUE_ON_ZERO";
START TRANSACTION;
SET time_zone = "+00:00";


/*!40101 SET @OLD_CHARACTER_SET_CLIENT=@@CHARACTER_SET_CLIENT */;
/*!40101 SET @OLD_CHARACTER_SET_RESULTS=@@CHARACTER_SET_RESULTS */;
/*!40101 SET @OLD_COLLATION_CONNECTION=@@COLLATION_CONNECTION */;
/*!40101 SET NAMES utf8mb4 */;

--
-- Database: `fiver`
--

-- --------------------------------------------------------

--
-- Table structure for table `account_detail`
--

CREATE TABLE `account_detail` (
  `id` int(11) NOT NULL,
  `user_id` varchar(250) NOT NULL,
  `paytm` varchar(250) NOT NULL,
  `phone_pay` varchar(250) NOT NULL,
  `google_pay` varchar(250) NOT NULL
) ENGINE=InnoDB DEFAULT CHARSET=utf8mb4;

--
-- Dumping data for table `account_detail`
--

INSERT INTO `account_detail` (`id`, `user_id`, `paytm`, `phone_pay`, `google_pay`) VALUES
(1, '6', '0900', '786', '01'),
(2, '7', 'Jdnd', 'Jdj', 'Jsj'),
(3, '9', '9876543210', '86', '76'),
(4, '16', '99', '99', '99'),
(5, '18', '7002330726 ', '7002330726 ', '7002330726'),
(6, '58', '8974109811', '8974109811', '8974109811'),
(7, '25', '9700045585', '9700045585', '9700045585'),
(8, '100', '9863410442', '9863410442', '9863410442'),
(9, '113', '9101600445', '9101600445', 'No'),
(10, '121', '9700045585', '9700045585', '9700045585'),
(11, '117', '8731869801', '8731869801', 'bm387123@gmail.com'),
(12, '140', '9864530117', '9864530117', '9864530117'),
(13, '194', '8135963834', '8135963834', '8135963834'),
(14, '202', '9706482106', '7002196882', '7002196882'),
(15, '206', '9101865290', '9101865290', '9101865290'),
(16, '219', '9854207852', '9854207852', '9854207852'),
(17, '233', '6002114706', '6002114706', '6002114706'),
(18, '275', '9365149293', '9365149293', '9365149293'),
(19, '228', 'Paytm', 'Phonepe', 'Google pay'),
(20, '287', '9435037864', '9435037864', '9435037864'),
(21, '303', '6009766673', '6009766673', '6009766673'),
(22, '123', '0', '9678772984', '9678772984');

-- --------------------------------------------------------

--
-- Table structure for table `bank_detail`
--

CREATE TABLE `bank_detail` (
  `id` int(11) NOT NULL,
  `user_id` varchar(250) NOT NULL,
  `bank_name` varchar(250) NOT NULL,
  `account_number` varchar(250) NOT NULL,
  `ifsc_code` varchar(250) NOT NULL,
  `account_name` varchar(250) NOT NULL
) ENGINE=InnoDB DEFAULT CHARSET=utf8mb4;

--
-- Dumping data for table `bank_detail`
--

INSERT INTO `bank_detail` (`id`, `user_id`, `bank_name`, `account_number`, `ifsc_code`, `account_name`) VALUES
(5, '7', 'Jj', 'Jj', 'Is', 'Sn'),
(6, '16', 'gjvnm', 'jjygh', 'mnb ', 'bmn '),
(7, '18', 'HDFC BANK ', '50100412346591', 'HDFC0001962', 'NAYAN JYOTI NATH'),
(8, '63', 'STATE BANK OF INDIA ', '10965484230', 'SBIN0009412 ', 'MINTU Phukan '),
(9, '58', 'STATE BANK OF INDIA', '37794890595', 'SBIN0007332', 'AGARIK G MOMIN'),
(10, '25', 'STATE BANK OF INDIA', '33527039616', 'SBIN0006645', 'Sami Ranjan Debbarma'),
(11, '100', 'State Bank Of India', '35107083727', 'SBIN0005244', 'Nayan Jyoti Chakma'),
(12, '113', 'State Bank of India ', '34139283716', 'SBIN0006375', 'Sanjib Kumar Rabha'),
(13, '194', 'State Bank of India', '40141681138', 'SBIN0014256', 'Shibarabha'),
(14, '202', 'HDFC', '50200035991598', 'HDFC0002676', 'DHARAMJIT DOLEY'),
(15, '206', 'Ippb', '004410000357', 'Ipos0000001', 'Prosenjt Barman'),
(16, '215', 'PAYTM PAYMENT BANK', '919402528378', 'PYTM0123456', 'SANJOY REANG'),
(17, '38', 'Paytm payment bank', '916361192836', 'PYTM0123456', 'Biki sarkar'),
(18, '233', 'Indian Bank', '22178011766', 'IDIB000G517', 'Mr. Mantu Kalita'),
(19, '275', 'Canara Bank', '4092101003019', 'CNRB0004092', 'Pranab Jyoti Mahanta'),
(20, '228', '26493211116837', 'Raham Ali Sheikh ', 'Ucba 0002649', 'Raham Ali Sheikh '),
(21, '287', 'Central Bank of India', '3221150034', 'CBIN0283215', 'MOHIR UDDIN AHMED'),
(22, '144', 'Paytm Payment Bank LTD', '919577045753', 'PYTM0123456', 'Srikanta Namasudra'),
(23, '123', 'Central Bank of India', '3257223740', 'CBIN0282655', 'Rupjyoti Saikia'),
(24, '6', 'Bank Alfalah', '1234567', 'AU', 'images');

-- --------------------------------------------------------

--
-- Table structure for table `history`
--

CREATE TABLE `history` (
  `id` int(11) NOT NULL,
  `user_id` varchar(250) NOT NULL,
  `game_name` varchar(250) NOT NULL,
  `game_type` varchar(250) NOT NULL,
  `bid_on` varchar(250) NOT NULL,
  `amount` varchar(250) NOT NULL,
  `date` varchar(250) NOT NULL
) ENGINE=InnoDB DEFAULT CHARSET=utf8mb4;

--
-- Dumping data for table `history`
--

INSERT INTO `history` (`id`, `user_id`, `game_name`, `game_type`, `bid_on`, `amount`, `date`) VALUES
(3, '1', 'KHANAPARA - Teer FR', 'Guti Play', '06', '2', '2022-03-14 01:43:44'),
(4, '6', 'KHANAPARA - Teer SR', 'Guti Play', '05', '5', '2022-03-13 16:52:13'),
(5, '9', 'KHANAPARA - Teer SR', 'Guti Play', '10', '10', '2022-03-14 02:37:07'),
(6, '9', 'KHANAPARA - Teer FR', 'Guti Play', '14', '10', '2022-03-14 11:43:31'),
(7, '9', 'SHILLONG - Teer SR', 'Guti Play', '03', '100', '2022-03-14 11:48:06'),
(8, '9', 'KHANAPARA - Teer FR', 'Housing Play', '80, 81, 82, 83, 84, 85, 86, 87, 88, 89', '100', '2022-03-14 12:18:14'),
(9, '9', 'KHANAPARA - Teer FR', 'Housing Play', '60, 61, 62, 63, 64, 65, 66, 67, 68, 69', '100', '2022-03-14 12:19:02'),
(10, '9', 'KHANAPARA - Teer FR', 'Ending Play', '03, 13, 23, 33, 43, 53, 63, 73, 83, 93', '200', '2022-03-14 12:22:15'),
(11, '9', 'KHANAPARA - Teer FR', 'Ending Play', '02, 12, 22, 32, 42, 52, 62, 72, 82, 92', '150', '2022-03-14 12:25:44'),
(12, '16', 'KHANAPARA - Teer FR', 'Guti Play', '31', '99', '2022-03-18 00:39:47'),
(13, '16', 'KHANAPARA - Teer FR', 'Guti Play', '16', '1', '2022-03-18 00:40:11'),
(14, '16', 'KHANAPARA - Teer FR', 'Guti Play', '02, 08', '210', '2022-03-18 18:13:08'),
(15, '16', 'KHANAPARA - Teer FR', 'SINGLE NUMBER PLAY', '16, 17', '349', '2022-03-18 18:24:26'),
(16, '16', 'KHANAPARA - Teer FR', 'SINGLE NUMBER PLAY', '16, 17', '349', '2022-03-18 18:27:00'),
(17, '16', 'KHANAPARA - Teer FR', 'SINGLE NUMBER PLAY', '16, 17', '349', '2022-03-18 18:27:29'),
(18, '16', 'KHANAPARA - Teer FR', 'SINGLE NUMBER PLAY', '16, 17', '349', '2022-03-18 18:27:34'),
(19, '16', 'KHANAPARA - Teer FR', 'SINGLE NUMBER PLAY', '33', '100', '2022-03-19 16:50:18'),
(20, '18', 'KHANAPARA - Teer FR', 'SINGLE NUMBER PLAY', '00, 01', '100', '2022-03-19 19:33:01'),
(21, '18', 'KHANAPARA - Teer FR', 'Housing Play', '50, 51, 52, 53, 54, 55, 56, 57, 58, 59', '300', '2022-03-19 19:33:52'),
(22, '18', 'KHANAPARA - Teer FR', 'Ending Play', '00, 10, 20, 30, 40, 50, 60, 70, 80, 90', '100', '2022-03-19 19:34:19'),
(23, '18', 'KHANAPARA - Teer FR', 'SINGLE NUMBER PLAY', '00, 01, 02', '180', '2022-03-19 19:41:39'),
(24, '18', 'KHANAPARA - Teer FR', 'Ending Play', '01, 11, 21, 31, 41, 51, 61, 71, 81, 91', '200', '2022-03-19 19:47:04'),
(25, '18', 'KHANAPARA - Teer FR', 'Housing Play', '10, 11, 12, 13, 14, 15, 16, 17, 18, 19', '100', '2022-03-19 19:51:38'),
(26, '18', 'KHANAPARA - Teer FR', 'Ending Play', '02, 12, 22, 32, 42, 52, 62, 72, 82, 92', '200', '2022-03-19 19:51:55'),
(27, '16', 'KHANAPARA - Teer FR', 'Guti Play', '00 = â‚¹10, 02 = â‚¹33, 03 = â‚¹55', '98', '2022-03-19 20:52:19'),
(28, '16', 'KHANAPARA - Teer FR', 'Guti Play', '01 = â‚¹20, 02 = â‚¹40, 03 = â‚¹60', '120', '2022-03-19 20:53:20'),
(29, '18', 'KHANAPARA - Teer FR', 'Guti Play', '00 = â‚¹50, 02 = â‚¹60, 99 = â‚¹2', '112', '2022-03-19 21:00:59'),
(30, '18', 'KHANAPARA - Teer FR', 'Guti Play', '02 = â‚¹5, 14 = â‚¹5, 30 = â‚¹5, 38 = â‚¹10, 46 = â‚¹10', '35', '2022-03-19 21:37:50'),
(31, '18', 'KHANAPARA - Teer FR', 'Guti Play', '03 = â‚¹8', '8', '2022-03-19 21:38:00'),
(32, '18', 'KHANAPARA - Teer FR', 'Guti Play', '03 = â‚¹5', '5', '2022-03-19 21:38:07'),
(33, '18', 'SHILLONG - Teer FR', 'Guti Play', '02 = â‚¹5, 10 = â‚¹10', '15', '2022-03-19 21:54:19'),
(34, '18', 'SHILLONG - Teer FR', 'Housing Play', '00, 01, 02, 03, 04, 05, 06, 07, 08, 09', '100', '2022-03-19 21:54:48'),
(35, '16', 'KHANAPARA - Teer FR', 'Single Number Play ', '02 = â‚¹7, 13 = â‚¹4, 14 = â‚¹8, 19 = â‚¹7, 21 = â‚¹8', '34', '2022-03-20 04:13:31'),
(36, '16', 'KHANAPARA - Teer FR', 'Housing Play', '30, 31, 32, 33, 34, 35, 36, 37, 38, 39', '550', '2022-03-20 04:15:36'),
(37, '16', 'KHANAPARA - Teer FR', 'Ending Play', '02, 12, 22, 32, 42, 52, 62, 72, 82, 92', '50', '2022-03-20 04:17:23'),
(38, '16', 'KHANAPARA - Teer SR', 'SINGLE NUMBER PLAY', '02 = â‚¹7, 08 = â‚¹8, 14 = â‚¹9', '24', '2022-03-20 04:18:47'),
(39, '16', 'KHANAPARA - Teer SR', 'SINGLE NUMBER PLAY', '02 = â‚¹7, 03 = â‚¹8', '15', '2022-03-20 04:19:20'),
(40, '16', 'KHANAPARA - Teer FR', 'SINGLE NUMBER PLAY', '02 = â‚¹6, 08 = â‚¹7, 14 = â‚¹8', '21', '2022-03-20 04:19:50'),
(41, '16', 'SHILLONG - Teer FR', 'SINGLE NUMBER PLAY', '32 = â‚¹7, 33 = â‚¹8', '15', '2022-03-20 04:20:05'),
(42, '16', 'SHILLONG - Teer SR', 'SINGLE NUMBER PLAY', '44 = â‚¹7, 45 = â‚¹9, 97 = â‚¹90', '106', '2022-03-20 04:20:24'),
(43, '18', 'SHILLONG - Teer SR', 'SINGLE NUMBER PLAY', '99 = â‚¹5', '5', '2022-03-20 21:13:42'),
(44, '18', 'KHANAPARA - Teer FR', 'SINGLE NUMBER PLAY', '00 = â‚¹10, 06 = â‚¹50, 18 = â‚¹10, 38 = â‚¹200', '270', '2022-03-24 01:18:18'),
(45, '18', 'KHANAPARA - Teer FR', 'Housing Play', '50, 51, 52, 53, 54, 55, 56, 57, 58, 59', '100', '2022-03-24 01:18:54'),
(46, '18', 'KHANAPARA - Teer FR', 'Ending Play', '07, 17, 27, 37, 47, 57, 67, 77, 87, 97', '200', '2022-03-24 01:19:33'),
(47, '44', 'SHILLONG - Teer FR', 'SINGLE NUMBER PLAY', '62 = â‚¹20, 65 = â‚¹20, 67 = â‚¹20, 68 = â‚¹20, 69 = â‚¹20', '100', '2022-03-24 13:45:16'),
(48, '44', 'SHILLONG - Teer SR', 'SINGLE NUMBER PLAY', '07 = â‚¹20', '20', '2022-03-24 13:46:11'),
(49, '40', 'KHANAPARA - Teer FR', 'SINGLE NUMBER PLAY', '92 = â‚¹10', '10', '2022-03-24 14:12:37'),
(50, '40', 'KHANAPARA - Teer SR', 'SINGLE NUMBER PLAY', '43 = â‚¹10', '10', '2022-03-24 14:13:08'),
(51, '51', 'KHANAPARA - Teer FR', 'SINGLE NUMBER PLAY', '70 = â‚¹20, 71 = â‚¹10, 76 = â‚¹15', '45', '2022-03-24 14:59:30'),
(52, '51', 'KHANAPARA - Teer FR', 'SINGLE NUMBER PLAY', '', '0', '2022-03-24 15:00:18'),
(53, '18', 'KHANAPARA - Teer FR', 'SINGLE NUMBER PLAY', '', '0', '2022-03-24 17:40:05'),
(54, '51', 'KHANAPARA - Teer FR', 'SINGLE NUMBER PLAY', '35 = â‚¹10, 53 = â‚¹5, 58 = â‚¹8, 80 = â‚¹5, 85 = â‚¹5', '33', '2022-03-25 15:58:21'),
(55, '36', 'SHILLONG - Teer FR', 'SINGLE NUMBER PLAY', '33 = â‚¹100, 38 = â‚¹100, 83 = â‚¹100, 88 = â‚¹100', '400', '2022-03-25 17:06:12'),
(56, '45', 'SHILLONG - Teer SR', 'SINGLE NUMBER PLAY', '30 = â‚¹50', '50', '2022-03-25 18:31:11'),
(57, '36', 'SHILLONG - Teer SR', 'SINGLE NUMBER PLAY', '33 = â‚¹100', '100', '2022-03-25 18:47:34'),
(58, '40', 'KHANAPARA - Teer FR', 'SINGLE NUMBER PLAY', '39 = â‚¹10', '10', '2022-03-26 13:22:19'),
(59, '58', 'SHILLONG - Teer FR', 'SINGLE NUMBER PLAY', '06 = â‚¹5, 60 = â‚¹5', '10', '2022-03-28 13:24:31'),
(60, '58', 'SHILLONG - Teer FR', 'SINGLE NUMBER PLAY', '03 = â‚¹1, 08 = â‚¹1, 09 = â‚¹1, 80 = â‚¹1, 98 = â‚¹1', '5', '2022-03-28 13:34:47'),
(61, '58', 'SHILLONG - Teer FR', 'SINGLE NUMBER PLAY', '26 = â‚¹5, 28 = â‚¹5', '10', '2022-03-28 13:49:04'),
(62, '51', 'KHANAPARA - Teer FR', 'SINGLE NUMBER PLAY', '10 = â‚¹8, 22 = â‚¹6, 27 = â‚¹8', '22', '2022-03-28 16:57:07'),
(63, '58', 'SHILLONG - Teer SR', 'SINGLE NUMBER PLAY', '26 = â‚¹10, 35 = â‚¹5, 40 = â‚¹10', '25', '2022-03-28 18:57:37'),
(64, '70', 'SHILLONG - Teer FR', 'SINGLE NUMBER PLAY', '', '0', '2022-03-29 15:29:09'),
(65, '74', 'SHILLONG - Teer FR', 'SINGLE NUMBER PLAY', '', '0', '2022-03-30 16:21:56'),
(66, '25', 'KHANAPARA - Teer FR', 'SINGLE NUMBER PLAY', '', '0', '2022-03-31 15:21:27'),
(67, '95', 'SHILLONG - Teer FR', 'SINGLE NUMBER PLAY', '', '0', '2022-04-01 15:34:53'),
(68, '103', 'SHILLONG - Teer SR', 'SINGLE NUMBER PLAY', '', '0', '2022-04-01 17:10:32'),
(69, '118', 'SHILLONG - Teer FR', 'SINGLE NUMBER PLAY', '', '0', '2022-04-02 11:17:33'),
(70, '118', 'SHILLONG - Teer FR', 'SINGLE NUMBER PLAY', '', '0', '2022-04-02 11:17:42'),
(71, '113', 'KHANAPARA - Teer FR', 'SINGLE NUMBER PLAY', '13 = â‚¹50, 31 = â‚¹50, 37 = â‚¹25, 73 = â‚¹25', '150', '2022-04-02 15:34:19'),
(72, '113', 'KHANAPARA - Teer SR', 'SINGLE NUMBER PLAY', '13 = â‚¹85, 31 = â‚¹65', '150', '2022-04-02 15:35:37'),
(73, '58', 'SHILLONG - Teer FR', 'SINGLE NUMBER PLAY', '22 = â‚¹1, 29 = â‚¹2, 31 = â‚¹2, 39 = â‚¹2, 42 = â‚¹2, 47 = â‚¹2, 50 = â‚¹2, 51 = â‚¹1, 55 = â‚¹1, 58 = â‚¹2, 88 = â‚¹1, 89 = â‚¹1', '19', '2022-04-02 17:43:58'),
(74, '58', 'SHILLONG - Teer FR', 'SINGLE NUMBER PLAY', '58 = â‚¹5', '5', '2022-04-02 17:45:55'),
(75, '58', 'SHILLONG - Teer FR', 'SINGLE NUMBER PLAY', '38 = â‚¹4', '4', '2022-04-02 17:50:19'),
(76, '58', 'SHILLONG - Teer FR', 'SINGLE NUMBER PLAY', '98 = â‚¹1', '1', '2022-04-02 17:50:32'),
(77, '121', 'SHILLONG - Teer SR', 'SINGLE NUMBER PLAY', '51 = â‚¹2, 52 = â‚¹2, 53 = â‚¹2, 54 = â‚¹2, 55 = â‚¹2, 56 = â‚¹2, 57 = â‚¹2, 58 = â‚¹2, 59 = â‚¹2, 60 = â‚¹2, 61 = â‚¹2, 62 = â‚¹2, 63 = â‚¹2, 64 = â‚¹2, 65 = â‚¹2, 66 = â‚¹2, 67 = â‚¹2, 68 = â‚¹2, 69 = â‚¹2, 70 = â‚¹2, 71 = â‚¹2, 72 = â‚¹2, 73 = â‚¹', '44', '2022-04-02 18:44:25'),
(78, '58', 'SHILLONG - Teer SR', 'SINGLE NUMBER PLAY', '05 = â‚¹2, 14 = â‚¹2, 17 = â‚¹2, 30 = â‚¹2, 35 = â‚¹2, 45 = â‚¹2, 49 = â‚¹2, 50 = â‚¹2, 80 = â‚¹2, 85 = â‚¹2', '20', '2022-04-02 18:51:30'),
(79, '121', 'SHILLONG - Teer SR', 'SINGLE NUMBER PLAY', '00 = â‚¹2', '2', '2022-04-02 18:52:23'),
(80, '58', 'SHILLONG - Teer SR', 'SINGLE NUMBER PLAY', '89 = â‚¹1', '1', '2022-04-02 18:52:24'),
(81, '121', 'SHILLONG - Teer SR', 'Housing Play', '50, 51, 52, 53, 54, 55, 56, 57, 58, 59', '20', '2022-04-02 18:57:53'),
(82, '121', 'SHILLONG - Teer SR', 'Ending Play', '05, 15, 25, 35, 45, 55, 65, 75, 85, 95', '20', '2022-04-02 18:59:30'),
(83, '121', 'SHILLONG - Teer SR', 'Ending Play', '08, 18, 28, 38, 48, 58, 68, 78, 88, 98', '20', '2022-04-02 19:00:14'),
(84, '18', 'SHILLONG - Teer SR', 'SINGLE NUMBER PLAY', '00 = â‚¹2, 01 = â‚¹2, 02 = â‚¹2, 03 = â‚¹2, 04 = â‚¹2, 05 = â‚¹2, 06 = â‚¹2, 07 = â‚¹2, 08 = â‚¹2, 09 = â‚¹2, 10 = â‚¹2, 11 = â‚¹2, 12 = â‚¹2, 13 = â‚¹2, 14 = â‚¹2, 15 = â‚¹2, 16 = â‚¹2, 17 = â‚¹2, 18 = â‚¹2, 19 = â‚¹2, 20 = â‚¹2, 21 = â‚¹2, 73 = â‚¹', '44', '2022-04-03 00:53:55'),
(85, '18', 'SHILLONG - Teer SR', 'SINGLE NUMBER PLAY', '', '0', '2022-04-03 00:54:00'),
(86, '121', 'SHILLONG - Teer FR', 'SINGLE NUMBER PLAY', '00 = â‚¹1, 01 = â‚¹1, 02 = â‚¹1, 03 = â‚¹1, 04 = â‚¹1, 05 = â‚¹1, 06 = â‚¹1, 07 = â‚¹1, 08 = â‚¹1, 09 = â‚¹1, 10 = â‚¹1, 11 = â‚¹1, 12 = â‚¹1, 13 = â‚¹1, 14 = â‚¹1, 15 = â‚¹1, 16 = â‚¹1, 17 = â‚¹1, 18 = â‚¹1, 19 = â‚¹1, 20 = â‚¹1, 21 = â‚¹1, 22 = â‚¹', '149', '2022-04-03 07:48:46'),
(87, '121', 'SHILLONG - Teer FR', 'SINGLE NUMBER PLAY', '53 = â‚¹5', '5', '2022-04-03 15:18:44'),
(88, '121', 'SHILLONG - Teer FR', 'SINGLE NUMBER PLAY', '77 = â‚¹3', '3', '2022-04-03 15:23:16'),
(89, '86', 'KHANAPARA - Teer FR', 'SINGLE NUMBER PLAY', '', '0', '2022-04-03 15:50:35'),
(90, '121', 'KHANAPARA - Teer FR', 'SINGLE NUMBER PLAY', '75 = â‚¹1, 82 = â‚¹1, 83 = â‚¹1, 84 = â‚¹1, 85 = â‚¹1, 86 = â‚¹1, 87 = â‚¹1, 88 = â‚¹1, 89 = â‚¹1, 90 = â‚¹1, 91 = â‚¹1, 92 = â‚¹1, 93 = â‚¹1, 94 = â‚¹1, 95 = â‚¹1, 96 = â‚¹1, 97 = â‚¹1, 98 = â‚¹1, 99 = â‚¹1', '19', '2022-04-03 16:42:49'),
(91, '121', 'KHANAPARA - Teer FR', 'SINGLE NUMBER PLAY', '55 = â‚¹1, 57 = â‚¹1, 58 = â‚¹1, 59 = â‚¹1', '4', '2022-04-03 16:43:17'),
(92, '121', 'KHANAPARA - Teer FR', 'SINGLE NUMBER PLAY', '52 = â‚¹1, 55 = â‚¹1', '2', '2022-04-03 16:44:28'),
(93, '151', 'KHANAPARA - Teer FR', 'SINGLE NUMBER PLAY', '', '0', '2022-04-04 14:40:58'),
(94, '58', 'SHILLONG - Teer FR', 'SINGLE NUMBER PLAY', '41 = â‚¹5, 42 = â‚¹5, 43 = â‚¹5, 46 = â‚¹5, 47 = â‚¹5, 91 = â‚¹5, 92 = â‚¹5, 95 = â‚¹5, 96 = â‚¹5, 97 = â‚¹5', '50', '2022-04-04 15:50:12'),
(95, '58', 'SHILLONG - Teer FR', 'SINGLE NUMBER PLAY', '02 = â‚¹5, 21 = â‚¹10, 50 = â‚¹10, 51 = â‚¹10, 52 = â‚¹5, 53 = â‚¹5, 55 = â‚¹5', '50', '2022-04-04 16:54:00'),
(96, '58', 'SHILLONG - Teer FR', 'SINGLE NUMBER PLAY', '26 = â‚¹5, 62 = â‚¹5', '10', '2022-04-04 17:25:29'),
(97, '58', 'SHILLONG - Teer FR', 'SINGLE NUMBER PLAY', '05 = â‚¹5, 07 = â‚¹5, 09 = â‚¹5, 25 = â‚¹5', '20', '2022-04-04 17:25:59'),
(98, '58', 'SHILLONG - Teer FR', 'SINGLE NUMBER PLAY', '69 = â‚¹22', '22', '2022-04-04 17:36:53'),
(99, '63', 'SHILLONG - Teer SR', 'SINGLE NUMBER PLAY', '04 = â‚¹2, 09 = â‚¹1, 14 = â‚¹1, 19 = â‚¹1, 24 = â‚¹1, 40 = â‚¹2, 41 = â‚¹1, 43 = â‚¹1, 45 = â‚¹2, 46 = â‚¹1, 47 = â‚¹1, 54 = â‚¹1, 59 = â‚¹1, 90 = â‚¹1, 91 = â‚¹1, 92 = â‚¹1, 95 = â‚¹1, 96 = â‚¹1, 97 = â‚¹1', '22', '2022-04-04 18:01:14'),
(100, '121', 'SHILLONG - Teer SR', 'SINGLE NUMBER PLAY', '50 = â‚¹2, 51 = â‚¹2, 52 = â‚¹2, 53 = â‚¹2, 54 = â‚¹2, 55 = â‚¹2, 56 = â‚¹2, 57 = â‚¹2, 58 = â‚¹2, 59 = â‚¹22, 60 = â‚¹2, 61 = â‚¹2, 62 = â‚¹2, 63 = â‚¹2, 64 = â‚¹2, 65 = â‚¹2, 66 = â‚¹2, 67 = â‚¹2, 68 = â‚¹2, 69 = â‚¹2, 70 = â‚¹2, 71 = â‚¹2, 72 = â‚', '120', '2022-04-04 18:38:21'),
(101, '121', 'SHILLONG - Teer SR', 'SINGLE NUMBER PLAY', '11 = â‚¹2, 16 = â‚¹2, 77 = â‚¹2', '6', '2022-04-04 18:54:37'),
(102, '172', 'SHILLONG - Teer FR', 'SINGLE NUMBER PLAY', '01 = â‚¹00', '0', '2022-04-05 11:58:20'),
(103, '171', 'SHILLONG - Teer FR', 'SINGLE NUMBER PLAY', '69 = â‚¹2, 96 = â‚¹2', '4', '2022-04-05 13:27:44'),
(104, '171', 'SHILLONG - Teer FR', 'SINGLE NUMBER PLAY', '08 = â‚¹1, 89 = â‚¹1, 98 = â‚¹1', '3', '2022-04-05 13:34:20'),
(105, '155', 'KHANAPARA - Teer FR', 'SINGLE NUMBER PLAY', '', '0', '2022-04-05 14:34:55'),
(106, '176', 'SHILLONG - Teer FR', 'SINGLE NUMBER PLAY', '', '0', '2022-04-05 15:12:28'),
(107, '176', 'SHILLONG - Teer FR', 'SINGLE NUMBER PLAY', '', '0', '2022-04-05 15:12:48'),
(108, '113', 'KHANAPARA - Teer FR', 'SINGLE NUMBER PLAY', '10 = â‚¹50, 11 = â‚¹25, 76 = â‚¹25', '100', '2022-04-05 15:33:30'),
(109, '113', 'KHANAPARA - Teer FR', 'SINGLE NUMBER PLAY', '13 = â‚¹20, 33 = â‚¹10, 35 = â‚¹20, 53 = â‚¹20', '70', '2022-04-05 15:41:06'),
(110, '113', 'SHILLONG - Teer FR', 'SINGLE NUMBER PLAY', '13 = â‚¹100, 31 = â‚¹30', '130', '2022-04-05 15:44:46'),
(111, '121', 'SHILLONG - Teer FR', 'SINGLE NUMBER PLAY', '01 = â‚¹2, 03 = â‚¹2, 10 = â‚¹2, 11 = â‚¹2, 12 = â‚¹2, 13 = â‚¹2, 21 = â‚¹2, 23 = â‚¹2, 30 = â‚¹2, 31 = â‚¹2, 32 = â‚¹2, 33 = â‚¹2', '24', '2022-04-05 15:47:36'),
(112, '125', 'KHANAPARA - Teer FR', 'SINGLE NUMBER PLAY', '15 = â‚¹20, 51 = â‚¹5', '25', '2022-04-05 17:06:07'),
(113, '125', 'SHILLONG - Teer FR', 'SINGLE NUMBER PLAY', '02 = â‚¹5, 57 = â‚¹20', '25', '2022-04-05 17:08:04'),
(114, '63', 'SHILLONG - Teer FR', 'SINGLE NUMBER PLAY', '04 = â‚¹1, 09 = â‚¹1, 13 = â‚¹1, 18 = â‚¹1, 22 = â‚¹1, 27 = â‚¹1, 31 = â‚¹1, 36 = â‚¹1, 40 = â‚¹1, 45 = â‚¹1, 49 = â‚¹1, 54 = â‚¹1, 58 = â‚¹1, 63 = â‚¹1, 67 = â‚¹1, 72 = â‚¹1, 76 = â‚¹1, 81 = â‚¹1, 85 = â‚¹1, 90 = â‚¹1, 94 = â‚¹1, 99 = â‚¹1', '22', '2022-04-05 17:37:47'),
(115, '63', 'SHILLONG - Teer FR', 'SINGLE NUMBER PLAY', '00 = â‚¹1, 03 = â‚¹1, 04 = â‚¹1, 05 = â‚¹1, 08 = â‚¹1, 09 = â‚¹1, 30 = â‚¹1, 40 = â‚¹1, 65 = â‚¹1, 73 = â‚¹1, 75 = â‚¹1, 80 = â‚¹1, 82 = â‚¹1, 83 = â‚¹1, 85 = â‚¹1', '15', '2022-04-05 17:39:52'),
(116, '168', 'SHILLONG - Teer SR', 'SINGLE NUMBER PLAY', '00 = â‚¹1', '1', '2022-04-05 17:45:43'),
(117, '168', 'SHILLONG - Teer SR', 'SINGLE NUMBER PLAY', '01 = â‚¹1', '1', '2022-04-05 17:46:42'),
(118, '168', 'SHILLONG - Teer SR', 'SINGLE NUMBER PLAY', '02 = â‚¹1', '1', '2022-04-05 17:46:50'),
(119, '168', 'SHILLONG - Teer SR', 'SINGLE NUMBER PLAY', '03 = â‚¹1', '1', '2022-04-05 17:46:57'),
(120, '168', 'SHILLONG - Teer SR', 'SINGLE NUMBER PLAY', '04 = â‚¹1', '1', '2022-04-05 17:47:03'),
(121, '168', 'SHILLONG - Teer SR', 'SINGLE NUMBER PLAY', '05 = â‚¹1', '1', '2022-04-05 17:47:17'),
(122, '168', 'SHILLONG - Teer SR', 'SINGLE NUMBER PLAY', '06 = â‚¹1', '1', '2022-04-05 17:47:23'),
(123, '168', 'SHILLONG - Teer SR', 'SINGLE NUMBER PLAY', '07 = â‚¹1', '1', '2022-04-05 17:47:29'),
(124, '168', 'SHILLONG - Teer SR', 'SINGLE NUMBER PLAY', '08 = â‚¹1', '1', '2022-04-05 17:47:42'),
(125, '168', 'SHILLONG - Teer SR', 'SINGLE NUMBER PLAY', '09 = â‚¹1', '1', '2022-04-05 17:47:50'),
(126, '63', 'SHILLONG - Teer SR', 'SINGLE NUMBER PLAY', '03 = â‚¹1, 05 = â‚¹1, 08 = â‚¹1', '3', '2022-04-05 18:40:24'),
(127, '121', 'SHILLONG - Teer SR', 'Housing Play', '30, 31, 32, 33, 34, 35, 36, 37, 38, 39', '30', '2022-04-05 18:44:18'),
(128, '63', 'KHANAPARA - Teer FR', 'SINGLE NUMBER PLAY', '00 = â‚¹1, 03 = â‚¹1, 05 = â‚¹1, 23 = â‚¹1, 29 = â‚¹1, 33 = â‚¹1, 38 = â‚¹1, 39 = â‚¹1, 52 = â‚¹1, 56 = â‚¹1, 65 = â‚¹1, 93 = â‚¹1', '12', '2022-04-06 12:35:13'),
(129, '58', 'SHILLONG - Teer FR', 'SINGLE NUMBER PLAY', '61 = â‚¹5, 74 = â‚¹5, 82 = â‚¹5, 86 = â‚¹5, 94 = â‚¹5', '25', '2022-04-06 15:49:15'),
(130, '58', 'KHANAPARA - Teer FR', 'SINGLE NUMBER PLAY', '46 = â‚¹10', '10', '2022-04-06 15:58:01'),
(131, '58', 'KHANAPARA - Teer FR', 'SINGLE NUMBER PLAY', '09 = â‚¹5', '5', '2022-04-06 16:01:03'),
(132, '58', 'SHILLONG - Teer FR', 'SINGLE NUMBER PLAY', '84 = â‚¹5', '5', '2022-04-06 16:02:07'),
(133, '58', 'SHILLONG - Teer FR', 'SINGLE NUMBER PLAY', '10 = â‚¹5, 18 = â‚¹5', '10', '2022-04-06 16:06:54'),
(134, '58', 'SHILLONG - Teer FR', 'SINGLE NUMBER PLAY', '09 = â‚¹5, 46 = â‚¹20', '25', '2022-04-06 16:09:00'),
(135, '123', 'SHILLONG - Teer FR', 'SINGLE NUMBER PLAY', '11 = â‚¹15, 25 = â‚¹20, 31 = â‚¹10, 37 = â‚¹10, 46 = â‚¹15, 50 = â‚¹10, 64 = â‚¹15, 73 = â‚¹15, 90 = â‚¹10, 91 = â‚¹10, 95 = â‚¹10, 96 = â‚¹10', '150', '2022-04-06 16:11:49'),
(136, '38', 'SHILLONG - Teer FR', 'SINGLE NUMBER PLAY', '61 = â‚¹5, 62 = â‚¹45, 63 = â‚¹10, 64 = â‚¹5, 67 = â‚¹15', '80', '2022-04-06 16:16:46'),
(137, '38', 'KHANAPARA - Teer FR', 'SINGLE NUMBER PLAY', '40 = â‚¹10, 98 = â‚¹20', '30', '2022-04-06 16:18:08'),
(138, '121', 'SHILLONG - Teer FR', 'SINGLE NUMBER PLAY', '45 = â‚¹1, 82 = â‚¹1, 85 = â‚¹1', '3', '2022-04-06 16:37:10'),
(139, '113', 'SHILLONG - Teer FR', 'SINGLE NUMBER PLAY', '13 = â‚¹300, 31 = â‚¹200', '500', '2022-04-06 16:47:08'),
(140, '58', 'SHILLONG - Teer FR', 'SINGLE NUMBER PLAY', '58 = â‚¹10, 85 = â‚¹10', '20', '2022-04-06 17:11:34'),
(141, '58', 'SHILLONG - Teer FR', 'SINGLE NUMBER PLAY', '23 = â‚¹5, 38 = â‚¹10, 64 = â‚¹20, 71 = â‚¹10', '45', '2022-04-06 17:13:05'),
(142, '58', 'SHILLONG - Teer FR', 'SINGLE NUMBER PLAY', '17 = â‚¹5, 32 = â‚¹5, 46 = â‚¹5, 83 = â‚¹5', '20', '2022-04-06 17:19:08'),
(143, '58', 'SHILLONG - Teer FR', 'SINGLE NUMBER PLAY', '65 = â‚¹5', '5', '2022-04-06 17:22:45'),
(144, '38', 'SHILLONG - Teer FR', 'SINGLE NUMBER PLAY', '20 = â‚¹5, 27 = â‚¹5, 45 = â‚¹20, 57 = â‚¹5', '35', '2022-04-06 17:26:46'),
(145, '58', 'SHILLONG - Teer FR', 'SINGLE NUMBER PLAY', '12 = â‚¹5, 19 = â‚¹5, 78 = â‚¹5', '15', '2022-04-06 17:31:14'),
(146, '58', 'SHILLONG - Teer FR', 'SINGLE NUMBER PLAY', '25 = â‚¹2, 66 = â‚¹3, 96 = â‚¹3', '8', '2022-04-06 17:33:01'),
(147, '58', 'SHILLONG - Teer FR', 'SINGLE NUMBER PLAY', '64 = â‚¹20', '20', '2022-04-06 17:39:11'),
(148, '58', 'SHILLONG - Teer SR', 'SINGLE NUMBER PLAY', '22 = â‚¹10, 39 = â‚¹10, 57 = â‚¹10, 66 = â‚¹10, 75 = â‚¹10, 92 = â‚¹10', '60', '2022-04-06 18:34:15'),
(149, '202', 'KHANAPARA - Teer FR', 'SINGLE NUMBER PLAY', '46 = â‚¹100', '100', '2022-04-07 10:34:37'),
(150, '85', 'SHILLONG - Teer FR', 'SINGLE NUMBER PLAY', '', '0', '2022-04-07 11:45:26'),
(151, '63', 'KHANAPARA - Teer FR', 'SINGLE NUMBER PLAY', '10 = â‚¹1, 17 = â‚¹1, 21 = â‚¹1, 24 = â‚¹1, 26 = â‚¹1, 29 = â‚¹1, 34 = â‚¹1, 36 = â‚¹1, 37 = â‚¹1, 41 = â‚¹1, 44 = â‚¹1, 46 = â‚¹1, 49 = â‚¹1, 56 = â‚¹1, 68 = â‚¹1, 71 = â‚¹1, 76 = â‚¹1, 79 = â‚¹1, 81 = â‚¹1, 91 = â‚¹1, 94 = â‚¹1, 96 = â‚¹1', '22', '2022-04-07 12:49:46'),
(152, '38', 'SHILLONG - Teer FR', 'SINGLE NUMBER PLAY', '13 = â‚¹30, 40 = â‚¹5, 42 = â‚¹15, 79 = â‚¹10', '60', '2022-04-07 16:18:19'),
(153, '38', 'SHILLONG - Teer SR', 'SINGLE NUMBER PLAY', '13 = â‚¹5, 33 = â‚¹5, 53 = â‚¹5, 54 = â‚¹5, 63 = â‚¹5, 64 = â‚¹5, 83 = â‚¹15, 84 = â‚¹5', '50', '2022-04-07 16:22:39'),
(154, '38', 'KHANAPARA - Teer FR', 'SINGLE NUMBER PLAY', '00 = â‚¹5, 11 = â‚¹5, 96 = â‚¹5, 97 = â‚¹10', '25', '2022-04-07 16:42:10'),
(155, '113', 'KHANAPARA - Teer FR', 'SINGLE NUMBER PLAY', '13 = â‚¹200, 31 = â‚¹150, 95 = â‚¹100', '450', '2022-04-07 16:44:04'),
(156, '113', 'KHANAPARA - Teer SR', 'SINGLE NUMBER PLAY', '13 = â‚¹100, 31 = â‚¹50', '150', '2022-04-07 16:44:45'),
(157, '113', 'SHILLONG - Teer FR', 'SINGLE NUMBER PLAY', '13 = â‚¹125, 31 = â‚¹75', '200', '2022-04-07 16:45:08'),
(158, '63', 'SHILLONG - Teer FR', 'SINGLE NUMBER PLAY', '79 = â‚¹10', '10', '2022-04-07 16:53:48'),
(159, '38', 'KHANAPARA - Teer FR', 'SINGLE NUMBER PLAY', '46 = â‚¹10, 64 = â‚¹10', '20', '2022-04-07 17:04:26'),
(160, '202', 'KHANAPARA - Teer FR', 'SINGLE NUMBER PLAY', '09 = â‚¹100', '100', '2022-04-07 17:12:31'),
(161, '38', 'SHILLONG - Teer FR', 'SINGLE NUMBER PLAY', '18 = â‚¹15, 81 = â‚¹5', '20', '2022-04-07 17:13:20'),
(162, '58', 'SHILLONG - Teer FR', 'SINGLE NUMBER PLAY', '29 = â‚¹10, 92 = â‚¹10', '20', '2022-04-07 17:13:58'),
(163, '58', 'SHILLONG - Teer FR', 'SINGLE NUMBER PLAY', '05 = â‚¹5, 13 = â‚¹5, 21 = â‚¹5, 22 = â‚¹5, 26 = â‚¹5, 27 = â‚¹5, 31 = â‚¹5, 35 = â‚¹5, 37 = â‚¹5, 38 = â‚¹5, 51 = â‚¹5, 56 = â‚¹5, 61 = â‚¹5, 64 = â‚¹5, 82 = â‚¹5, 83 = â‚¹5, 92 = â‚¹5, 94 = â‚¹5', '90', '2022-04-07 17:19:23'),
(164, '58', 'SHILLONG - Teer FR', 'SINGLE NUMBER PLAY', '16 = â‚¹10, 34 = â‚¹10, 45 = â‚¹10, 50 = â‚¹5, 87 = â‚¹10', '45', '2022-04-07 17:25:11'),
(165, '38', 'SHILLONG - Teer FR', 'SINGLE NUMBER PLAY', '13 = â‚¹10, 16 = â‚¹10, 18 = â‚¹10, 25 = â‚¹10, 57 = â‚¹10', '50', '2022-04-07 17:27:59'),
(166, '58', 'SHILLONG - Teer FR', 'SINGLE NUMBER PLAY', '43 = â‚¹5, 47 = â‚¹10, 97 = â‚¹10', '25', '2022-04-07 17:33:01'),
(167, '63', 'SHILLONG - Teer FR', 'SINGLE NUMBER PLAY', '05 = â‚¹1, 06 = â‚¹1, 11 = â‚¹1, 13 = â‚¹2, 14 = â‚¹2, 19 = â‚¹1, 21 = â‚¹1, 23 = â‚¹1, 24 = â‚¹1, 31 = â‚¹2, 32 = â‚¹1, 34 = â‚¹1, 35 = â‚¹1, 41 = â‚¹1, 42 = â‚¹2, 43 = â‚¹1, 44 = â‚¹2, 51 = â‚¹1, 53 = â‚¹1, 57 = â‚¹1, 71 = â‚¹1, 89 = â‚¹1, 91 = â‚¹', '28', '2022-04-07 17:35:46'),
(168, '58', 'SHILLONG - Teer FR', 'SINGLE NUMBER PLAY', '66 = â‚¹5', '5', '2022-04-07 17:37:38'),
(169, '202', 'KHANAPARA - Teer SR', 'SINGLE NUMBER PLAY', '92 = â‚¹100', '100', '2022-04-07 17:39:37'),
(170, '113', 'SHILLONG - Teer SR', 'SINGLE NUMBER PLAY', '13 = â‚¹0125, 31 = â‚¹125', '250', '2022-04-07 18:32:05'),
(171, '38', 'SHILLONG - Teer SR', 'SINGLE NUMBER PLAY', '25 = â‚¹10, 57 = â‚¹10, 64 = â‚¹10, 83 = â‚¹10, 84 = â‚¹10', '50', '2022-04-07 18:35:02'),
(172, '123', 'SHILLONG - Teer SR', 'SINGLE NUMBER PLAY', '37 = â‚¹10, 43 = â‚¹15, 62 = â‚¹15, 64 = â‚¹15, 89 = â‚¹15, 98 = â‚¹15', '85', '2022-04-07 18:37:26'),
(173, '63', 'KHANAPARA - Teer SR', 'Housing Play', '10, 11, 12, 13, 14, 15, 16, 17, 18, 19', '10', '2022-04-07 18:38:11'),
(174, '38', 'KHANAPARA - Teer SR', 'SINGLE NUMBER PLAY', '14 = â‚¹15, 17 = â‚¹10, 21 = â‚¹20, 38 = â‚¹5', '50', '2022-04-07 18:38:19'),
(175, '63', 'KHANAPARA - Teer SR', 'Housing Play', '60, 61, 62, 63, 64, 65, 66, 67, 68, 69', '10', '2022-04-07 18:39:11'),
(176, '113', 'KHANAPARA - Teer SR', 'SINGLE NUMBER PLAY', '13 = â‚¹50, 31 = â‚¹50', '100', '2022-04-07 18:41:34'),
(177, '113', 'SHILLONG - Teer SR', 'SINGLE NUMBER PLAY', '13 = â‚¹200, 31 = â‚¹200', '400', '2022-04-07 18:42:12'),
(178, '58', 'SHILLONG - Teer SR', 'SINGLE NUMBER PLAY', '03 = â‚¹5, 17 = â‚¹5, 46 = â‚¹20', '30', '2022-04-07 18:42:28'),
(179, '58', 'SHILLONG - Teer SR', 'SINGLE NUMBER PLAY', '28 = â‚¹10, 39 = â‚¹10, 69 = â‚¹10, 73 = â‚¹10, 79 = â‚¹10', '50', '2022-04-07 18:43:38'),
(180, '58', 'SHILLONG - Teer SR', 'SINGLE NUMBER PLAY', '57 = â‚¹20, 59 = â‚¹20, 65 = â‚¹20', '60', '2022-04-07 18:44:43'),
(181, '63', 'KHANAPARA - Teer FR', 'SINGLE NUMBER PLAY', '04 = â‚¹1, 06 = â‚¹1, 40 = â‚¹1, 49 = â‚¹1, 65 = â‚¹1, 67 = â‚¹1, 69 = â‚¹1, 71 = â‚¹1, 74 = â‚¹1, 83 = â‚¹1, 85 = â‚¹1, 97 = â‚¹1, 98 = â‚¹1', '13', '2022-04-08 12:23:24'),
(182, '197', 'SHILLONG - Teer FR', 'SINGLE NUMBER PLAY', '00 = â‚¹5, 05 = â‚¹10, 24 = â‚¹10, 38 = â‚¹10, 50 = â‚¹10, 83 = â‚¹5', '50', '2022-04-08 14:19:21'),
(183, '63', 'KHANAPARA - Teer FR', 'SINGLE NUMBER PLAY', '03 = â‚¹1, 30 = â‚¹1, 35 = â‚¹1, 53 = â‚¹1', '4', '2022-04-08 16:36:42'),
(184, '38', 'KHANAPARA - Teer FR', 'SINGLE NUMBER PLAY', '05 = â‚¹10, 23 = â‚¹10, 45 = â‚¹5, 53 = â‚¹5, 54 = â‚¹10, 56 = â‚¹10, 65 = â‚¹5, 76 = â‚¹10, 77 = â‚¹5', '70', '2022-04-08 16:48:32'),
(185, '38', 'KHANAPARA - Teer FR', 'SINGLE NUMBER PLAY', '40 = â‚¹25', '25', '2022-04-08 16:58:12'),
(186, '38', 'SHILLONG - Teer FR', 'SINGLE NUMBER PLAY', '14 = â‚¹25, 66 = â‚¹5, 72 = â‚¹20, 99 = â‚¹5', '55', '2022-04-08 16:59:55'),
(187, '38', 'KHANAPARA - Teer FR', 'SINGLE NUMBER PLAY', '02 = â‚¹5, 10 = â‚¹10, 37 = â‚¹10, 69 = â‚¹25, 73 = â‚¹5, 96 = â‚¹10', '65', '2022-04-08 17:07:44'),
(188, '38', 'SHILLONG - Teer FR', 'SINGLE NUMBER PLAY', '05 = â‚¹10, 50 = â‚¹5, 90 = â‚¹50, 91 = â‚¹5, 95 = â‚¹15', '85', '2022-04-08 17:14:51'),
(189, '113', 'SHILLONG - Teer FR', 'SINGLE NUMBER PLAY', '13 = â‚¹100, 31 = â‚¹100, 78 = â‚¹75, 87 = â‚¹75', '350', '2022-04-08 17:20:57'),
(190, '113', 'KHANAPARA - Teer FR', 'SINGLE NUMBER PLAY', '13 = â‚¹50, 31 = â‚¹50, 78 = â‚¹25, 87 = â‚¹25', '150', '2022-04-08 17:23:15'),
(191, '58', 'SHILLONG - Teer FR', 'SINGLE NUMBER PLAY', '34 = â‚¹25, 43 = â‚¹50', '75', '2022-04-08 17:27:52'),
(192, '58', 'SHILLONG - Teer FR', 'SINGLE NUMBER PLAY', '58 = â‚¹5, 61 = â‚¹10, 72 = â‚¹5', '20', '2022-04-08 17:28:39'),
(193, '58', 'SHILLONG - Teer FR', 'SINGLE NUMBER PLAY', '13 = â‚¹3, 31 = â‚¹4', '7', '2022-04-08 17:32:55'),
(194, '220', 'SHILLONG - Teer SR', 'SINGLE NUMBER PLAY', '', '0', '2022-04-08 17:36:38'),
(195, '38', 'SHILLONG - Teer SR', 'SINGLE NUMBER PLAY', '14 = â‚¹25, 36 = â‚¹25, 54 = â‚¹5, 66 = â‚¹10, 84 = â‚¹5, 86 = â‚¹20, 99 = â‚¹5', '95', '2022-04-08 18:32:23'),
(196, '214', 'SHILLONG - Teer SR', 'SINGLE NUMBER PLAY', '00 = â‚¹30, 01 = â‚¹10, 49 = â‚¹10, 50 = â‚¹30, 51 = â‚¹10, 99 = â‚¹10', '100', '2022-04-08 18:34:04'),
(197, '38', 'SHILLONG - Teer SR', 'SINGLE NUMBER PLAY', '09 = â‚¹5, 90 = â‚¹10, 94 = â‚¹5, 96 = â‚¹5', '25', '2022-04-08 18:35:01'),
(198, '113', 'SHILLONG - Teer SR', 'SINGLE NUMBER PLAY', '01 = â‚¹25, 06 = â‚¹25', '50', '2022-04-08 18:40:49'),
(199, '63', 'KHANAPARA - Teer SR', 'Housing Play', '50, 51, 52, 53, 54, 55, 56, 57, 58, 59', '10', '2022-04-08 18:42:27'),
(200, '58', 'SHILLONG - Teer SR', 'SINGLE NUMBER PLAY', '13 = â‚¹25, 31 = â‚¹25', '50', '2022-04-08 18:42:53'),
(201, '113', 'SHILLONG - Teer SR', 'SINGLE NUMBER PLAY', '05 = â‚¹25, 09 = â‚¹25, 13 = â‚¹250, 15 = â‚¹50, 31 = â‚¹170, 50 = â‚¹50, 51 = â‚¹25, 90 = â‚¹25', '620', '2022-04-08 18:42:55'),
(202, '63', 'KHANAPARA - Teer SR', 'SINGLE NUMBER PLAY', '30 = â‚¹1, 35 = â‚¹1, 80 = â‚¹1, 85 = â‚¹1', '4', '2022-04-08 18:43:17'),
(203, '113', 'KHANAPARA - Teer SR', 'SINGLE NUMBER PLAY', '13 = â‚¹50, 31 = â‚¹50', '100', '2022-04-08 18:43:54'),
(204, '38', 'KHANAPARA - Teer SR', 'SINGLE NUMBER PLAY', '00 = â‚¹5, 23 = â‚¹10, 40 = â‚¹25, 45 = â‚¹5, 53 = â‚¹5, 54 = â‚¹10, 56 = â‚¹10, 69 = â‚¹15, 76 = â‚¹10, 96 = â‚¹5', '100', '2022-04-08 18:44:03'),
(205, '232', 'KHANAPARA - Teer SR', 'SINGLE NUMBER PLAY', '', '0', '2022-04-09 03:16:56'),
(206, '248', 'SHILLONG - Teer FR', 'SINGLE NUMBER PLAY', '', '0', '2022-04-09 15:10:44'),
(207, '113', 'KHANAPARA - Teer FR', 'SINGLE NUMBER PLAY', '13 = â‚¹10, 14 = â‚¹10, 17 = â‚¹10, 41 = â‚¹10, 49 = â‚¹10, 50 = â‚¹10, 60 = â‚¹10, 94 = â‚¹10', '80', '2022-04-09 16:16:02'),
(208, '166', 'KHANAPARA - Teer FR', 'Housing Play', '30, 31, 32, 33, 34, 35, 36, 37, 38, 39', '50', '2022-04-09 16:19:00'),
(209, '113', 'KHANAPARA - Teer FR', 'SINGLE NUMBER PLAY', '12 = â‚¹25', '25', '2022-04-09 16:29:51'),
(210, '214', 'SHILLONG - Teer FR', 'SINGLE NUMBER PLAY', '04 = â‚¹10, 05 = â‚¹50, 06 = â‚¹10, 18 = â‚¹10, 23 = â‚¹50, 27 = â‚¹10, 28 = â‚¹10, 29 = â‚¹10, 32 = â‚¹50, 68 = â‚¹20, 72 = â‚¹10, 80 = â‚¹20, 81 = â‚¹20, 82 = â‚¹10, 86 = â‚¹20, 92 = â‚¹10', '320', '2022-04-09 16:36:35'),
(211, '113', 'KHANAPARA - Teer FR', 'SINGLE NUMBER PLAY', '10 = â‚¹10, 20 = â‚¹10', '20', '2022-04-09 16:46:57'),
(212, '113', 'SHILLONG - Teer FR', 'SINGLE NUMBER PLAY', '08 = â‚¹25, 09 = â‚¹25, 14 = â‚¹25, 15 = â‚¹25, 45 = â‚¹25, 49 = â‚¹25, 54 = â‚¹25, 79 = â‚¹25, 94 = â‚¹25, 97 = â‚¹25', '250', '2022-04-09 16:49:39'),
(213, '113', 'SHILLONG - Teer FR', 'SINGLE NUMBER PLAY', '13 = â‚¹400, 31 = â‚¹225', '625', '2022-04-09 16:51:09'),
(214, '166', 'KHANAPARA - Teer FR', 'SINGLE NUMBER PLAY', '10 = â‚¹10, 40 = â‚¹15, 85 = â‚¹5, 93 = â‚¹5, 94 = â‚¹5, 95 = â‚¹15', '55', '2022-04-09 17:00:33'),
(215, '166', 'SHILLONG - Teer FR', 'SINGLE NUMBER PLAY', '29 = â‚¹10, 53 = â‚¹5, 57 = â‚¹20, 73 = â‚¹25, 75 = â‚¹10, 79 = â‚¹15, 92 = â‚¹10, 97 = â‚¹10', '105', '2022-04-09 17:13:38'),
(216, '166', 'SHILLONG - Teer FR', 'SINGLE NUMBER PLAY', '75 = â‚¹30, 78 = â‚¹5', '35', '2022-04-09 17:15:27'),
(217, '113', 'KHANAPARA - Teer FR', 'SINGLE NUMBER PLAY', '05 = â‚¹10, 11 = â‚¹20, 13 = â‚¹50, 45 = â‚¹10, 46 = â‚¹10, 50 = â‚¹10, 54 = â‚¹10, 64 = â‚¹10', '130', '2022-04-09 17:31:00'),
(218, '166', 'KHANAPARA - Teer FR', 'SINGLE NUMBER PLAY', '46 = â‚¹10', '10', '2022-04-09 17:31:31'),
(219, '63', 'KHANAPARA - Teer FR', 'SINGLE NUMBER PLAY', '11 = â‚¹1, 13 = â‚¹1, 16 = â‚¹1, 17 = â‚¹1, 18 = â‚¹1, 19 = â‚¹1, 21 = â‚¹1, 23 = â‚¹1, 24 = â‚¹1, 26 = â‚¹1, 28 = â‚¹1, 29 = â‚¹1, 30 = â‚¹1, 42 = â‚¹1, 43 = â‚¹1, 47 = â‚¹1, 50 = â‚¹1, 54 = â‚¹1, 61 = â‚¹1, 63 = â‚¹1, 64 = â‚¹1, 66 = â‚¹1, 68 = â‚¹', '30', '2022-04-09 17:37:17'),
(220, '166', 'KHANAPARA - Teer FR', 'SINGLE NUMBER PLAY', '36 = â‚¹10, 67 = â‚¹10', '20', '2022-04-09 17:38:39'),
(221, '166', 'SHILLONG - Teer FR', 'SINGLE NUMBER PLAY', '45 = â‚¹15, 92 = â‚¹20', '35', '2022-04-09 17:40:11'),
(222, '166', 'SHILLONG - Teer SR', 'SINGLE NUMBER PLAY', '03 = â‚¹10, 36 = â‚¹20, 94 = â‚¹20', '50', '2022-04-09 18:30:11'),
(223, '113', 'SHILLONG - Teer SR', 'SINGLE NUMBER PLAY', '49 = â‚¹20, 57 = â‚¹50, 67 = â‚¹50, 75 = â‚¹50, 76 = â‚¹50, 94 = â‚¹50', '270', '2022-04-09 18:33:06'),
(224, '113', 'SHILLONG - Teer SR', 'SINGLE NUMBER PLAY', '13 = â‚¹400, 31 = â‚¹200', '600', '2022-04-09 18:33:54'),
(225, '123', 'KHANAPARA - Teer SR', 'SINGLE NUMBER PLAY', '64 = â‚¹10, 69 = â‚¹10', '20', '2022-04-09 18:36:14'),
(226, '121', 'SHILLONG - Teer SR', 'SINGLE NUMBER PLAY', '50 = â‚¹2, 51 = â‚¹2, 52 = â‚¹2, 53 = â‚¹2, 54 = â‚¹2, 55 = â‚¹2, 56 = â‚¹2, 57 = â‚¹2, 58 = â‚¹2, 59 = â‚¹2, 60 = â‚¹2, 61 = â‚¹2, 62 = â‚¹2, 63 = â‚¹2, 64 = â‚¹2, 65 = â‚¹2, 66 = â‚¹2, 67 = â‚¹2, 68 = â‚¹2, 69 = â‚¹2, 70 = â‚¹2, 71 = â‚¹2, 72 = â‚¹', '100', '2022-04-09 18:37:23'),
(227, '214', 'SHILLONG - Teer SR', 'SINGLE NUMBER PLAY', '05 = â‚¹20, 23 = â‚¹20, 27 = â‚¹1, 28 = â‚¹10, 32 = â‚¹20', '71', '2022-04-09 18:38:03'),
(228, '166', 'SHILLONG - Teer SR', 'SINGLE NUMBER PLAY', '29 = â‚¹5, 57 = â‚¹10, 75 = â‚¹10, 92 = â‚¹5, 97 = â‚¹5', '35', '2022-04-09 18:40:25'),
(229, '214', 'SHILLONG - Teer SR', 'SINGLE NUMBER PLAY', '28 = â‚¹9', '9', '2022-04-09 18:40:48'),
(230, '166', 'KHANAPARA - Teer SR', 'SINGLE NUMBER PLAY', '83 = â‚¹10, 88 = â‚¹20', '30', '2022-04-09 18:41:17'),
(231, '166', 'KHANAPARA - Teer SR', 'SINGLE NUMBER PLAY', '10 = â‚¹10, 14 = â‚¹5, 37 = â‚¹5, 53 = â‚¹5, 54 = â‚¹5', '30', '2022-04-09 18:42:23'),
(232, '63', 'KHANAPARA - Teer SR', 'Housing Play', '40, 41, 42, 43, 44, 45, 46, 47, 48, 49', '10', '2022-04-09 18:43:56'),
(233, '63', 'KHANAPARA - Teer SR', 'Housing Play', '90, 91, 92, 93, 94, 95, 96, 97, 98, 99', '10', '2022-04-09 18:44:17'),
(234, '121', 'SHILLONG - Teer SR', 'SINGLE NUMBER PLAY', '00 = â‚¹1, 11 = â‚¹1, 22 = â‚¹1, 33 = â‚¹1, 44 = â‚¹2, 55 = â‚¹1, 66 = â‚¹1, 77 = â‚¹1, 88 = â‚¹1, 99 = â‚¹1', '11', '2022-04-09 18:44:37'),
(235, '113', 'KHANAPARA - Teer SR', 'SINGLE NUMBER PLAY', '01 = â‚¹25, 02 = â‚¹25, 03 = â‚¹25, 04 = â‚¹25, 05 = â‚¹25, 06 = â‚¹25, 07 = â‚¹25, 08 = â‚¹25, 13 = â‚¹50, 67 = â‚¹25, 76 = â‚¹25, 80 = â‚¹25', '325', '2022-04-09 18:50:14'),
(236, '113', 'KHANAPARA - Teer SR', 'SINGLE NUMBER PLAY', '13 = â‚¹25, 30 = â‚¹25, 31 = â‚¹25', '75', '2022-04-09 18:50:33'),
(237, '256', 'KHANAPARA - Teer FR', 'SINGLE NUMBER PLAY', '', '0', '2022-04-09 23:34:48'),
(238, '18', 'KHANAPARA - Teer FR', 'SINGLE NUMBER PLAY', '00 = â‚¹05', '5', '2022-04-10 00:11:34'),
(239, '18', 'KHANAPARA - Teer FR', 'SINGLE NUMBER PLAY', '00 = â‚¹5, 06 = â‚¹5, 10 = â‚¹5', '15', '2022-04-10 00:11:42'),
(240, '258', 'SHILLONG - Teer FR', 'SINGLE NUMBER PLAY', '', '0', '2022-04-10 10:59:48'),
(241, '272', 'KHANAPARA - Teer FR', 'SINGLE NUMBER PLAY', '05 = â‚¹05, 10 = â‚¹05, 12 = â‚¹10, 98 = â‚¹05', '25', '2022-04-10 22:40:31'),
(242, '275', 'KHANAPARA - Teer FR', 'SINGLE NUMBER PLAY', '', '0', '2022-04-11 11:46:15'),
(243, '63', 'KHANAPARA - Teer FR', 'Housing Play', '20, 21, 22, 23, 24, 25, 26, 27, 28, 29', '50', '2022-04-11 14:01:13'),
(244, '63', 'KHANAPARA - Teer FR', 'Housing Play', '70, 71, 72, 73, 74, 75, 76, 77, 78, 79', '50', '2022-04-11 14:01:31'),
(245, '142', 'KHANAPARA - Teer FR', 'Housing Play', '40, 41, 42, 43, 44, 45, 46, 47, 48, 49', '50', '2022-04-11 15:09:54'),
(246, '272', 'KHANAPARA - Teer FR', 'SINGLE NUMBER PLAY', '47 = â‚¹05, 67 = â‚¹05, 76 = â‚¹05, 77 = â‚¹05, 79 = â‚¹05', '25', '2022-04-11 15:40:47'),
(247, '113', 'KHANAPARA - Teer FR', 'SINGLE NUMBER PLAY', '04 = â‚¹25, 09 = â‚¹25, 40 = â‚¹25, 90 = â‚¹25', '100', '2022-04-11 16:04:51'),
(248, '142', 'KHANAPARA - Teer FR', 'SINGLE NUMBER PLAY', '09 = â‚¹20', '20', '2022-04-11 16:12:35'),
(249, '142', 'KHANAPARA - Teer FR', 'SINGLE NUMBER PLAY', '20 = â‚¹5, 34 = â‚¹5, 52 = â‚¹10, 59 = â‚¹10', '30', '2022-04-11 16:15:16'),
(250, '142', 'KHANAPARA - Teer FR', 'SINGLE NUMBER PLAY', '01 = â‚¹5, 06 = â‚¹5, 07 = â‚¹5, 35 = â‚¹5, 41 = â‚¹5, 50 = â‚¹5, 62 = â‚¹5, 70 = â‚¹5, 72 = â‚¹5, 92 = â‚¹5', '50', '2022-04-11 16:25:48'),
(251, '166', 'KHANAPARA - Teer FR', 'SINGLE NUMBER PLAY', '04 = â‚¹15, 09 = â‚¹20, 19 = â‚¹10, 20 = â‚¹5, 23 = â‚¹5, 26 = â‚¹5, 27 = â‚¹5, 49 = â‚¹5, 59 = â‚¹5, 61 = â‚¹5, 65 = â‚¹5, 94 = â‚¹5, 95 = â‚¹5', '95', '2022-04-11 16:51:32'),
(252, '113', 'KHANAPARA - Teer FR', 'SINGLE NUMBER PLAY', '13 = â‚¹150, 31 = â‚¹100, 41 = â‚¹25, 44 = â‚¹25', '300', '2022-04-11 16:53:22'),
(253, '166', 'KHANAPARA - Teer FR', 'SINGLE NUMBER PLAY', '00 = â‚¹5, 09 = â‚¹5, 26 = â‚¹10, 49 = â‚¹5', '25', '2022-04-11 17:01:13'),
(254, '166', 'KHANAPARA - Teer FR', 'SINGLE NUMBER PLAY', '62 = â‚¹30', '30', '2022-04-11 17:20:50'),
(255, '279', 'KHANAPARA - Teer FR', 'SINGLE NUMBER PLAY', '21 = â‚¹05, 50 = â‚¹05, 57 = â‚¹05, 77 = â‚¹05', '20', '2022-04-11 17:25:33'),
(256, '214', 'KHANAPARA - Teer FR', 'SINGLE NUMBER PLAY', '19 = â‚¹10, 29 = â‚¹10, 39 = â‚¹10, 91 = â‚¹20, 92 = â‚¹100, 93 = â‚¹20', '170', '2022-04-11 17:27:43'),
(257, '166', 'KHANAPARA - Teer FR', 'SINGLE NUMBER PLAY', '14 = â‚¹50', '50', '2022-04-11 17:31:25'),
(258, '214', 'KHANAPARA - Teer SR', 'SINGLE NUMBER PLAY', '91 = â‚¹20, 92 = â‚¹100, 93 = â‚¹20', '140', '2022-04-11 18:44:10'),
(259, '166', 'KHANAPARA - Teer SR', 'SINGLE NUMBER PLAY', '00 = â‚¹10, 04 = â‚¹5, 09 = â‚¹20, 14 = â‚¹50, 16 = â‚¹10, 26 = â‚¹5, 29 = â‚¹5, 61 = â‚¹5, 62 = â‚¹10', '120', '2022-04-11 18:44:40'),
(260, '113', 'KHANAPARA - Teer SR', 'SINGLE NUMBER PLAY', '00 = â‚¹50, 01 = â‚¹10, 02 = â‚¹10, 03 = â‚¹10, 04 = â‚¹10, 07 = â‚¹10', '100', '2022-04-11 18:44:50'),
(261, '214', 'KHANAPARA - Teer SR', 'SINGLE NUMBER PLAY', '14 = â‚¹100, 29 = â‚¹30', '130', '2022-04-11 18:45:20'),
(262, '142', 'KHANAPARA - Teer SR', 'SINGLE NUMBER PLAY', '28 = â‚¹20, 87 = â‚¹10, 92 = â‚¹10', '40', '2022-04-11 18:45:44'),
(263, '142', 'KHANAPARA - Teer SR', 'SINGLE NUMBER PLAY', '17 = â‚¹10', '10', '2022-04-11 18:46:38'),
(264, '63', 'KHANAPARA - Teer SR', 'SINGLE NUMBER PLAY', '01 = â‚¹5, 06 = â‚¹5, 09 = â‚¹5, 11 = â‚¹5, 14 = â‚¹5, 34 = â‚¹5, 39 = â‚¹5, 43 = â‚¹5, 48 = â‚¹5, 58 = â‚¹5, 59 = â‚¹5, 67 = â‚¹5, 69 = â‚¹5, 84 = â‚¹5, 89 = â‚¹5, 93 = â‚¹5, 98 = â‚¹5', '85', '2022-04-11 18:47:45'),
(265, '166', 'KHANAPARA - Teer SR', 'SINGLE NUMBER PLAY', '19 = â‚¹10, 20 = â‚¹5, 61 = â‚¹5, 65 = â‚¹5', '25', '2022-04-11 18:48:01'),
(266, '202', 'KHANAPARA - Teer FR', 'SINGLE NUMBER PLAY', '33 = â‚¹50', '50', '2022-04-12 06:43:44'),
(267, '63', 'KHANAPARA - Teer FR', 'Housing Play', '00, 01, 02, 03, 04, 05, 06, 07, 08, 09', '50', '2022-04-12 15:24:58'),
(268, '63', 'KHANAPARA - Teer FR', 'Housing Play', '50, 51, 52, 53, 54, 55, 56, 57, 58, 59', '50', '2022-04-12 15:25:17'),
(269, '63', 'KHANAPARA - Teer FR', 'SINGLE NUMBER PLAY', '40 = â‚¹5, 43 = â‚¹5, 45 = â‚¹5, 47 = â‚¹5, 48 = â‚¹5, 49 = â‚¹5, 60 = â‚¹5, 62 = â‚¹5, 64 = â‚¹5, 65 = â‚¹5, 90 = â‚¹5, 93 = â‚¹5, 94 = â‚¹5, 95 = â‚¹5, 97 = â‚¹5, 98 = â‚¹5', '80', '2022-04-12 15:27:33'),
(270, '113', 'SHILLONG - Teer FR', 'SINGLE NUMBER PLAY', '11 = â‚¹50, 13 = â‚¹250, 31 = â‚¹150, 56 = â‚¹50, 65 = â‚¹50, 82 = â‚¹50', '600', '2022-04-12 15:42:18'),
(271, '113', 'KHANAPARA - Teer FR', 'SINGLE NUMBER PLAY', '13 = â‚¹125, 31 = â‚¹100', '225', '2022-04-12 15:43:19'),
(272, '113', 'KHANAPARA - Teer SR', 'SINGLE NUMBER PLAY', '13 = â‚¹100, 31 = â‚¹75', '175', '2022-04-12 15:43:46'),
(273, '113', 'KHANAPARA - Teer FR', 'SINGLE NUMBER PLAY', '20 = â‚¹50', '50', '2022-04-12 15:54:15'),
(274, '113', 'KHANAPARA - Teer FR', 'SINGLE NUMBER PLAY', '13 = â‚¹25, 23 = â‚¹25, 31 = â‚¹25, 32 = â‚¹25', '100', '2022-04-12 15:57:15'),
(275, '272', 'KHANAPARA - Teer FR', 'SINGLE NUMBER PLAY', '66 = â‚¹05', '5', '2022-04-12 15:59:42'),
(276, '113', 'KHANAPARA - Teer FR', 'SINGLE NUMBER PLAY', '13 = â‚¹25, 15 = â‚¹25, 23 = â‚¹25, 28 = â‚¹25, 31 = â‚¹25, 32 = â‚¹25, 38 = â‚¹25, 51 = â‚¹25, 60 = â‚¹25, 67 = â‚¹25, 68 = â‚¹25, 69 = â‚¹25, 96 = â‚¹25', '325', '2022-04-12 16:00:13'),
(277, '113', 'SHILLONG - Teer FR', 'SINGLE NUMBER PLAY', '13 = â‚¹100, 31 = â‚¹125', '225', '2022-04-12 16:00:48'),
(278, '113', 'KHANAPARA - Teer FR', 'SINGLE NUMBER PLAY', '38 = â‚¹75', '75', '2022-04-12 16:06:55'),
(279, '113', 'SHILLONG - Teer FR', 'SINGLE NUMBER PLAY', '38 = â‚¹225', '225', '2022-04-12 16:09:11'),
(280, '113', 'KHANAPARA - Teer FR', 'SINGLE NUMBER PLAY', '31 = â‚¹25, 37 = â‚¹25', '50', '2022-04-12 16:21:50'),
(281, '113', 'SHILLONG - Teer FR', 'SINGLE NUMBER PLAY', '31 = â‚¹25, 32 = â‚¹25', '50', '2022-04-12 16:24:02'),
(282, '113', 'SHILLONG - Teer FR', 'SINGLE NUMBER PLAY', '23 = â‚¹50, 32 = â‚¹50', '100', '2022-04-12 16:26:09'),
(283, '166', 'KHANAPARA - Teer FR', 'SINGLE NUMBER PLAY', '15 = â‚¹10, 21 = â‚¹5, 30 = â‚¹5, 39 = â‚¹5, 49 = â‚¹5, 51 = â‚¹20, 54 = â‚¹5, 62 = â‚¹5, 64 = â‚¹5, 73 = â‚¹25', '90', '2022-04-12 16:28:23'),
(284, '166', 'SHILLONG - Teer FR', 'SINGLE NUMBER PLAY', '46 = â‚¹5, 48 = â‚¹30, 49 = â‚¹5, 51 = â‚¹25, 53 = â‚¹5, 55 = â‚¹5, 59 = â‚¹5, 84 = â‚¹18', '98', '2022-04-12 16:38:29'),
(285, '166', 'KHANAPARA - Teer FR', 'SINGLE NUMBER PLAY', '00 = â‚¹5', '5', '2022-04-12 16:52:47'),
(286, '166', 'SHILLONG - Teer FR', 'SINGLE NUMBER PLAY', '48 = â‚¹7, 49 = â‚¹5', '12', '2022-04-12 16:53:43'),
(287, '197', 'SHILLONG - Teer FR', 'SINGLE NUMBER PLAY', '04 = â‚¹10, 14 = â‚¹10', '20', '2022-04-12 17:21:17'),
(288, '166', 'SHILLONG - Teer SR', 'SINGLE NUMBER PLAY', '15 = â‚¹20, 48 = â‚¹5, 51 = â‚¹15, 84 = â‚¹10', '50', '2022-04-12 18:43:14'),
(289, '113', 'SHILLONG - Teer SR', 'SINGLE NUMBER PLAY', '13 = â‚¹250, 31 = â‚¹150', '400', '2022-04-12 18:43:33'),
(290, '113', 'KHANAPARA - Teer SR', 'SINGLE NUMBER PLAY', '13 = â‚¹50, 31 = â‚¹50', '100', '2022-04-12 18:44:09'),
(291, '166', 'KHANAPARA - Teer SR', 'SINGLE NUMBER PLAY', '15 = â‚¹5, 95 = â‚¹5', '10', '2022-04-12 18:45:55'),
(292, '272', 'SHILLONG - Teer SR', 'SINGLE NUMBER PLAY', '66 = â‚¹10', '10', '2022-04-12 18:48:38'),
(293, '63', 'KHANAPARA - Teer FR', 'Housing Play', '30, 31, 32, 33, 34, 35, 36, 37, 38, 39', '50', '2022-04-13 13:33:59'),
(294, '63', 'KHANAPARA - Teer FR', 'Housing Play', '80, 81, 82, 83, 84, 85, 86, 87, 88, 89', '50', '2022-04-13 13:34:19'),
(295, '63', 'KHANAPARA - Teer FR', 'SINGLE NUMBER PLAY', '00 = â‚¹5, 03 = â‚¹5, 04 = â‚¹5, 05 = â‚¹5, 06 = â‚¹5, 08 = â‚¹5, 15 = â‚¹5, 43 = â‚¹5, 48 = â‚¹5, 57 = â‚¹5, 59 = â‚¹5, 60 = â‚¹5, 78 = â‚¹5, 93 = â‚¹5, 98 = â‚¹5', '75', '2022-04-13 13:38:19'),
(296, '272', 'KHANAPARA - Teer FR', 'SINGLE NUMBER PLAY', '78 = â‚¹15', '15', '2022-04-13 14:39:22'),
(297, '299', 'SHILLONG - Teer FR', 'SINGLE NUMBER PLAY', '02 = â‚¹10, 20 = â‚¹30', '40', '2022-04-13 15:23:18'),
(298, '299', 'SHILLONG - Teer SR', 'SINGLE NUMBER PLAY', '02 = â‚¹10, 20 = â‚¹30', '40', '2022-04-13 15:24:11'),
(299, '166', 'KHANAPARA - Teer FR', 'SINGLE NUMBER PLAY', '14 = â‚¹5, 37 = â‚¹20, 73 = â‚¹5', '30', '2022-04-13 15:39:53'),
(300, '166', 'SHILLONG - Teer FR', 'SINGLE NUMBER PLAY', '01 = â‚¹25, 02 = â‚¹5, 08 = â‚¹10, 12 = â‚¹10, 21 = â‚¹5, 67 = â‚¹5, 76 = â‚¹5, 86 = â‚¹5', '70', '2022-04-13 15:41:42'),
(301, '166', 'SHILLONG - Teer FR', 'SINGLE NUMBER PLAY', '35 = â‚¹5, 69 = â‚¹5, 96 = â‚¹25', '35', '2022-04-13 15:50:54'),
(302, '166', 'SHILLONG - Teer FR', 'SINGLE NUMBER PLAY', '69 = â‚¹20', '20', '2022-04-13 15:53:16'),
(303, '121', 'SHILLONG - Teer FR', 'SINGLE NUMBER PLAY', '00 = â‚¹5, 11 = â‚¹5, 28 = â‚¹5, 49 = â‚¹5, 58 = â‚¹5, 68 = â‚¹5, 69 = â‚¹5, 78 = â‚¹5, 82 = â‚¹5, 94 = â‚¹5, 98 = â‚¹5', '55', '2022-04-13 16:14:31'),
(304, '166', 'KHANAPARA - Teer FR', 'SINGLE NUMBER PLAY', '13 = â‚¹25, 14 = â‚¹5, 20 = â‚¹15', '45', '2022-04-13 16:45:18'),
(305, '113', 'KHANAPARA - Teer FR', 'SINGLE NUMBER PLAY', '13 = â‚¹50, 18 = â‚¹10, 19 = â‚¹10, 31 = â‚¹30', '100', '2022-04-13 16:51:53'),
(306, '214', 'SHILLONG - Teer FR', 'SINGLE NUMBER PLAY', '95 = â‚¹50', '50', '2022-04-13 16:53:43'),
(307, '113', 'SHILLONG - Teer FR', 'SINGLE NUMBER PLAY', '13 = â‚¹500, 31 = â‚¹300, 59 = â‚¹75, 67 = â‚¹50, 76 = â‚¹50, 95 = â‚¹75, 96 = â‚¹50', '1100', '2022-04-13 17:32:48'),
(308, '113', 'SHILLONG - Teer FR', 'SINGLE NUMBER PLAY', '35 = â‚¹50, 53 = â‚¹50', '100', '2022-04-13 17:33:28'),
(309, '144', 'KHANAPARA - Teer FR', 'SINGLE NUMBER PLAY', '01 = â‚¹5, 10 = â‚¹5', '10', '2022-04-13 17:55:10'),
(310, '166', 'KHANAPARA - Teer SR', 'SINGLE NUMBER PLAY', '00 = â‚¹10, 09 = â‚¹5, 13 = â‚¹25, 20 = â‚¹15', '55', '2022-04-13 18:44:01'),
(311, '166', 'SHILLONG - Teer SR', 'SINGLE NUMBER PLAY', '01 = â‚¹20, 02 = â‚¹5, 08 = â‚¹5, 35 = â‚¹5, 73 = â‚¹5, 90 = â‚¹100', '140', '2022-04-13 18:45:21'),
(312, '63', 'KHANAPARA - Teer SR', 'Housing Play', '30, 31, 32, 33, 34, 35, 36, 37, 38, 39', '50', '2022-04-13 18:46:57'),
(313, '63', 'KHANAPARA - Teer SR', 'Housing Play', '80, 81, 82, 83, 84, 85, 86, 87, 88, 89', '50', '2022-04-13 18:47:18'),
(314, '63', 'KHANAPARA - Teer SR', 'SINGLE NUMBER PLAY', '43 = â‚¹5, 48 = â‚¹5, 93 = â‚¹5, 98 = â‚¹5', '20', '2022-04-13 18:48:28'),
(315, '113', 'SHILLONG - Teer SR', 'SINGLE NUMBER PLAY', '13 = â‚¹150, 31 = â‚¹150, 67 = â‚¹100, 76 = â‚¹75', '475', '2022-04-13 18:54:11'),
(316, '113', 'SHILLONG - Teer SR', 'SINGLE NUMBER PLAY', '31 = â‚¹25', '25', '2022-04-13 18:54:31'),
(317, '28', 'SHILLONG - Teer FR', 'SINGLE NUMBER PLAY', '87 = â‚¹5', '5', '2022-04-14 14:18:01'),
(318, '28', 'SHILLONG - Teer FR', 'SINGLE NUMBER PLAY', '', '0', '2022-04-14 14:18:10'),
(319, '63', 'KHANAPARA - Teer FR', 'Housing Play', '00, 01, 02, 03, 04, 05, 06, 07, 08, 09', '50', '2022-04-14 14:25:40'),
(320, '63', 'KHANAPARA - Teer FR', 'Housing Play', '50, 51, 52, 53, 54, 55, 56, 57, 58, 59', '50', '2022-04-14 14:25:58'),
(321, '63', 'KHANAPARA - Teer FR', 'SINGLE NUMBER PLAY', '10 = â‚¹5, 11 = â‚¹5, 15 = â‚¹5, 21 = â‚¹5, 60 = â‚¹5, 65 = â‚¹5, 76 = â‚¹5', '35', '2022-04-14 14:28:02'),
(322, '121', 'SHILLONG - Teer FR', 'SINGLE NUMBER PLAY', '01 = â‚¹5, 10 = â‚¹5, 12 = â‚¹5, 15 = â‚¹5, 21 = â‚¹5, 51 = â‚¹5', '30', '2022-04-14 14:31:13'),
(323, '63', 'KHANAPARA - Teer FR', 'SINGLE NUMBER PLAY', '26 = â‚¹5, 65 = â‚¹5, 66 = â‚¹5, 78 = â‚¹5, 92 = â‚¹5, 95 = â‚¹5', '30', '2022-04-14 14:48:55'),
(324, '63', 'KHANAPARA - Teer FR', 'SINGLE NUMBER PLAY', '34 = â‚¹5, 36 = â‚¹5, 38 = â‚¹5, 39 = â‚¹5, 62 = â‚¹5, 69 = â‚¹5', '30', '2022-04-14 14:54:43'),
(325, '63', 'KHANAPARA - Teer FR', 'SINGLE NUMBER PLAY', '20 = â‚¹5, 27 = â‚¹5, 63 = â‚¹5, 89 = â‚¹5', '20', '2022-04-14 14:56:38'),
(326, '63', 'KHANAPARA - Teer FR', 'SINGLE NUMBER PLAY', '24 = â‚¹5, 70 = â‚¹5, 74 = â‚¹5, 80 = â‚¹5, 84 = â‚¹5', '25', '2022-04-14 14:57:42'),
(327, '166', 'KHANAPARA - Teer FR', 'SINGLE NUMBER PLAY', '00 = â‚¹20, 20 = â‚¹10, 21 = â‚¹5, 23 = â‚¹20, 26 = â‚¹20, 50 = â‚¹10, 78 = â‚¹5', '90', '2022-04-14 15:15:02'),
(328, '166', 'SHILLONG - Teer FR', 'SINGLE NUMBER PLAY', '00 = â‚¹5, 35 = â‚¹5, 56 = â‚¹5, 58 = â‚¹20, 63 = â‚¹20, 65 = â‚¹75', '130', '2022-04-14 15:17:46'),
(329, '166', 'SHILLONG - Teer FR', 'SINGLE NUMBER PLAY', '25 = â‚¹5, 52 = â‚¹5', '10', '2022-04-14 15:20:11'),
(330, '166', 'KHANAPARA - Teer FR', 'SINGLE NUMBER PLAY', '21 = â‚¹10', '10', '2022-04-14 15:20:45'),
(331, '303', 'SHILLONG - Teer FR', 'SINGLE NUMBER PLAY', '02 = â‚¹10, 20 = â‚¹10', '20', '2022-04-14 15:54:35'),
(332, '303', 'SHILLONG - Teer SR', 'SINGLE NUMBER PLAY', '02 = â‚¹10, 20 = â‚¹10', '20', '2022-04-14 15:55:24'),
(333, '63', 'SHILLONG - Teer FR', 'SINGLE NUMBER PLAY', '38 = â‚¹5, 68 = â‚¹5, 73 = â‚¹5, 78 = â‚¹5, 83 = â‚¹5, 86 = â‚¹5, 87 = â‚¹5', '35', '2022-04-14 16:15:41'),
(334, '63', 'SHILLONG - Teer FR', 'SINGLE NUMBER PLAY', '04 = â‚¹5, 25 = â‚¹5, 40 = â‚¹5, 41 = â‚¹5, 42 = â‚¹5, 45 = â‚¹5, 54 = â‚¹5, 63 = â‚¹5', '40', '2022-04-14 16:17:07'),
(335, '166', 'SHILLONG - Teer FR', 'SINGLE NUMBER PLAY', '08 = â‚¹5, 15 = â‚¹5, 20 = â‚¹5, 21 = â‚¹5, 38 = â‚¹10', '30', '2022-04-14 16:18:43'),
(336, '123', 'SHILLONG - Teer FR', 'SINGLE NUMBER PLAY', '15 = â‚¹15, 36 = â‚¹15, 46 = â‚¹15, 51 = â‚¹15, 53 = â‚¹15, 54 = â‚¹15, 56 = â‚¹15, 58 = â‚¹15, 59 = â‚¹15', '135', '2022-04-14 16:34:05'),
(337, '113', 'SHILLONG - Teer FR', 'SINGLE NUMBER PLAY', '16 = â‚¹200, 19 = â‚¹150, 61 = â‚¹100', '450', '2022-04-14 16:54:51'),
(338, '113', 'SHILLONG - Teer FR', 'SINGLE NUMBER PLAY', '13 = â‚¹300, 31 = â‚¹250', '550', '2022-04-14 16:57:53'),
(339, '159', 'SHILLONG - Teer SR', 'SINGLE NUMBER PLAY', '', '0', '2022-04-14 17:56:52'),
(340, '166', 'KHANAPARA - Teer SR', 'SINGLE NUMBER PLAY', '00 = â‚¹20, 01 = â‚¹5, 23 = â‚¹10, 26 = â‚¹10, 62 = â‚¹5', '50', '2022-04-14 18:43:04'),
(341, '166', 'SHILLONG - Teer SR', 'SINGLE NUMBER PLAY', '15 = â‚¹5, 20 = â‚¹5, 21 = â‚¹5, 25 = â‚¹5, 58 = â‚¹10, 63 = â‚¹5, 65 = â‚¹20, 69 = â‚¹5, 81 = â‚¹18, 96 = â‚¹5', '83', '2022-04-14 18:46:34'),
(342, '166', 'KHANAPARA - Teer SR', 'SINGLE NUMBER PLAY', '54 = â‚¹10', '10', '2022-04-14 18:47:15'),
(343, '63', 'SHILLONG - Teer SR', 'SINGLE NUMBER PLAY', '38 = â‚¹5, 78 = â‚¹5, 83 = â‚¹5, 87 = â‚¹5', '20', '2022-04-14 18:51:32'),
(344, '113', 'SHILLONG - Teer SR', 'SINGLE NUMBER PLAY', '13 = â‚¹350, 31 = â‚¹150', '500', '2022-04-14 18:51:49'),
(345, '123', 'SHILLONG - Teer SR', 'SINGLE NUMBER PLAY', '13 = â‚¹15, 49 = â‚¹15, 64 = â‚¹15, 94 = â‚¹15, 95 = â‚¹15', '75', '2022-04-14 18:53:32'),
(346, '166', 'SHILLONG - Teer SR', 'SINGLE NUMBER PLAY', '36 = â‚¹5, 61 = â‚¹10, 95 = â‚¹5', '20', '2022-04-14 18:53:48'),
(347, '63', 'KHANAPARA - Teer SR', 'SINGLE NUMBER PLAY', '11 = â‚¹5, 21 = â‚¹5, 26 = â‚¹5, 34 = â‚¹5, 36 = â‚¹5, 38 = â‚¹5, 39 = â‚¹5, 50 = â‚¹5, 55 = â‚¹5, 56 = â‚¹5, 59 = â‚¹5, 62 = â‚¹5, 65 = â‚¹5, 66 = â‚¹5, 69 = â‚¹5, 76 = â‚¹5, 78 = â‚¹5, 92 = â‚¹5, 95 = â‚¹5', '95', '2022-04-14 18:55:42'),
(348, '123', 'SHILLONG - Teer SR', 'SINGLE NUMBER PLAY', '16 = â‚¹15, 28 = â‚¹15, 61 = â‚¹15', '45', '2022-04-14 18:56:13'),
(349, '166', 'KHANAPARA - Teer SR', 'SINGLE NUMBER PLAY', '71 = â‚¹10, 81 = â‚¹5, 91 = â‚¹5', '20', '2022-04-14 18:56:35'),
(350, '123', 'SHILLONG - Teer SR', 'SINGLE NUMBER PLAY', '66 = â‚¹10, 67 = â‚¹15, 68 = â‚¹30, 69 = â‚¹30', '85', '2022-04-14 18:57:41'),
(351, '6', 'KHANAPARA - Teer FR', 'Guti Play', '01 = ₹10', '10', '2022-04-16 01:58:02');

-- --------------------------------------------------------

--
-- Table structure for table `rates`
--

CREATE TABLE `rates` (
  `id` int(11) NOT NULL,
  `name` varchar(250) NOT NULL,
  `price` varchar(250) NOT NULL
) ENGINE=InnoDB DEFAULT CHARSET=utf8mb4;

--
-- Dumping data for table `rates`
--

INSERT INTO `rates` (`id`, `name`, `price`) VALUES
(1, 'KHANAPARA TEER FR', '80'),
(2, 'KHANAPARA TEER SR', '76'),
(3, 'SHILLONG TEER FR', '80'),
(4, 'SHILLONG TEER SR', '76');

-- --------------------------------------------------------

--
-- Table structure for table `setting`
--

CREATE TABLE `setting` (
  `id` int(11) NOT NULL,
  `number` varchar(250) NOT NULL,
  `whatsapp` varchar(250) NOT NULL,
  `one_open` time NOT NULL,
  `one_close` time NOT NULL,
  `two_open` time NOT NULL,
  `two_close` time NOT NULL,
  `three_open` time NOT NULL,
  `three_clode` time NOT NULL,
  `four_open` time NOT NULL,
  `four_close` time NOT NULL,
  `play1` text NOT NULL,
  `play10` text NOT NULL,
  `play100` text NOT NULL,
  `kt1` varchar(10) NOT NULL,
  `kt2` varchar(10) NOT NULL,
  `st1` varchar(10) NOT NULL,
  `st2` varchar(10) NOT NULL,
  `about` text NOT NULL,
  `how_to_play` text NOT NULL
) ENGINE=InnoDB DEFAULT CHARSET=utf8mb4;

--
-- Dumping data for table `setting`
--

INSERT INTO `setting` (`id`, `number`, `whatsapp`, `one_open`, `one_close`, `two_open`, `two_close`, `three_open`, `three_clode`, `four_open`, `four_close`, `play1`, `play10`, `play100`, `kt1`, `kt2`, `st1`, `st2`, `about`, `how_to_play`) VALUES
(1, '918724901502', '918724901502', '00:00:00', '15:20:00', '00:00:00', '16:30:00', '00:00:00', '15:20:00', '00:00:00', '16:30:00', '80', '800', '8000', '81', '62', '54', '76', 'Hello, this is an Online Teer Game Bidding Application. ', 'https://youtu.be/feF66r8wDd8');

-- --------------------------------------------------------

--
-- Table structure for table `test123`
--

CREATE TABLE `test123` (
  `id` int(10) UNSIGNED NOT NULL,
  `name` varchar(100) NOT NULL,
  `age` varchar(10) NOT NULL,
  `city` varchar(20) NOT NULL
) ENGINE=MyISAM DEFAULT CHARSET=latin1;

-- --------------------------------------------------------

--
-- Table structure for table `transaction`
--

CREATE TABLE `transaction` (
  `id` int(11) NOT NULL,
  `user_id` varchar(250) NOT NULL,
  `date` varchar(250) NOT NULL,
  `amount` varchar(250) NOT NULL,
  `type` varchar(250) NOT NULL,
  `status` varchar(250) NOT NULL
) ENGINE=InnoDB DEFAULT CHARSET=utf8mb4;

--
-- Dumping data for table `transaction`
--

INSERT INTO `transaction` (`id`, `user_id`, `date`, `amount`, `type`, `status`) VALUES
(4, '6', '2022-03-13 07:54:38', '50', 'Add Funds', '1'),
(5, '7', '2022-03-13 08:42:37', '1', 'Deposit', '1'),
(6, '6', '2022-03-13 08:46:30', '2', 'Withdraw', '-1'),
(7, '7', '2022-03-13 08:47:10', '1', 'Withdraw', '1'),
(8, '6', '2022-03-13 13:19:30', '5', 'Deposit', '1'),
(9, '9', '2022-03-14 02:36:38', '100', 'Deposit', '1'),
(10, '9', '2022-03-14 02:58:01', '5', 'Withdraw', '-1'),
(11, '9', '2022-03-14 02:58:16', '5', 'Withdraw', '1'),
(12, '9', '2022-03-14 02:58:21', '5', 'Withdraw', '1'),
(13, '9', '2022-03-14 02:58:39', '5', 'Withdraw', '1'),
(14, '9', '2022-03-14 02:58:49', '5', 'Withdraw', '1'),
(15, '9', '2022-03-14 03:04:31', '1000', 'Deposit', '1'),
(16, '16', '2022-03-18 00:38:14', '100', 'Deposit', '1'),
(17, '16', '2022-03-18 18:12:47', '10000', 'Deposit', '1'),
(18, '16', '2022-03-19 16:51:06', '500', 'Withdraw', '1'),
(19, '18', '2022-03-19 19:31:29', '500', 'Deposit', '1'),
(20, '18', '2022-03-19 19:51:17', '500', 'Deposit', '1'),
(21, '16', '2022-03-20 04:13:12', '10000', 'Deposit', '1'),
(22, '18', '2022-03-20 19:54:45', '10', 'Deposit', '1'),
(23, '18', '2022-03-20 19:55:19', '20', 'Deposit', '1'),
(24, '16', '2022-03-21 06:09:02', '1', 'Deposit', '1'),
(25, '9', '2022-03-21 06:25:02', '2', 'Deposit', '1'),
(26, '18', '2022-03-21 23:15:58', '100', 'Deposit', '1'),
(27, '18', '2022-03-21 23:20:40', '100', 'Withdraw', '1'),
(28, '21', '2022-03-22 02:52:32', '10', 'Deposit', '1'),
(29, '21', '2022-03-22 02:58:43', '10', 'Deposit', '1'),
(30, '11', '2022-03-23 01:16:30', '10', 'Deposit', '1'),
(31, '18', '2022-03-24 01:17:33', '100', 'Deposit', '1'),
(32, '18', '2022-03-24 01:20:13', '5000', 'Withdraw', '1'),
(33, '44', '2022-03-24 13:02:38', '120', 'Deposit', '1'),
(34, '51', '2022-03-24 14:57:02', '100', 'Deposit', '1'),
(35, '121', '2022-04-02 21:32:03', '10', 'Withdraw', '1'),
(36, '18', '2022-04-02 22:48:19', '10', 'Withdraw', '1'),
(37, '63', '2022-04-04 23:56:57', '100', 'Withdraw', '1'),
(38, '18', '2022-04-05 00:04:51', '54', 'Withdraw', '1'),
(39, '18', '2022-04-05 00:07:09', '500', 'Withdraw', '1'),
(40, '38', '2022-04-08 15:28:12', '500', 'Withdraw', '1'),
(41, '113', '2022-04-08 17:10:05', '75', 'Withdraw', '1'),
(42, '113', '2022-04-08 18:45:57', '100', 'Withdraw', '1'),
(43, '38', '2022-04-09 16:21:01', '400', 'Withdraw', '1'),
(44, '38', '2022-04-09 17:41:54', '200', 'Withdraw', '1'),
(45, '113', '2022-04-09 18:51:09', '400', 'Withdraw', '1'),
(46, '113', '2022-04-09 19:29:41', '1900', 'Withdraw', '1'),
(47, '18', '2022-04-10 00:14:10', '100', 'Withdraw', '-1'),
(48, '18', '2022-04-10 00:32:54', '0100', 'Withdraw', '1'),
(49, '123', '2022-04-14 21:57:09', '800', 'Withdraw', '1');

-- --------------------------------------------------------

--
-- Table structure for table `user`
--

CREATE TABLE `user` (
  `id` int(11) NOT NULL,
  `name` varchar(250) NOT NULL,
  `number` varchar(250) NOT NULL,
  `password` varchar(250) NOT NULL,
  `balance` varchar(250) NOT NULL,
  `status` varchar(250) NOT NULL,
  `token` varchar(250) NOT NULL,
  `date` varchar(250) NOT NULL
) ENGINE=InnoDB DEFAULT CHARSET=utf8mb4;

--
-- Dumping data for table `user`
--

INSERT INTO `user` (`id`, `name`, `number`, `password`, `balance`, `status`, `token`, `date`) VALUES
(6, 'Umair Abbas', '03027064542', '12345', '40', '1', '0cfd2182eb381e4e738290a5552ffba327872dcdd5f0f7bf191f1a2fc5b4', '2022-03-12 08:43:29'),
(8, 'Dev', '22', 'qwerty', '0', '0', '5e5b07766fc17f53659aabb8f604dafd3933d3fa655a9152af9220efb910', '2022-03-13 11:42:09'),
(9, 'Dev', '9876543210', 'qwerty', '0', '1', '1d8aa2160f636b03794f7fb7782a8c160e12b0b7817dbad22d3841fc5ac4', '2022-03-14 02:22:21'),
(11, 'NAYAN JYOTI NATH', '7002330726', 'qwerty', '0', '1', '5715', '2022-03-16 04:22:09'),
(12, 'Nayan', '7086635020', '1234', '0', '0', '4812', '2022-03-16 04:24:51'),
(13, 'Nikhil', '9101396036', '9101396036g', '0', '0', 'c0f5965f9f6d57aee2c6175c130b2a6f65451cad5bf1bca4da4eef27a669', '2022-03-16 08:43:21'),
(14, 'GP patar', '9101396036', '9101396036g', '0', '0', '3a3878cdc99103d41b013dee616f3be8ab60fe341ef4f40b719a35be33f5', '2022-03-16 08:58:36'),
(15, 'Unosh', '9957007619', 'happyboy', '0', '0', 'ec783920a61f36e5a2e952f51760709fd47edeecf36779f86daae4660fd9', '2022-03-16 12:15:10'),
(17, 'xarmaah', '7002444949', 'qwerty', '0', '1', '1937', '2022-03-16 17:24:57'),
(18, 'Liza', '8724901502', '1234', '0', '1', '8108', '2022-03-16 18:36:44'),
(19, 'Unosh', '9706826220', 'happyboy', '0', '1', '8164', '2022-03-16 21:17:02'),
(20, 'Nikhil patra', '6002246536', '9101396036g', '0', '1', '3839', '2022-03-16 21:18:54'),
(21, 'jugal THAKURIA', '6002744881', 'Jugal@123', '0', '1', '6063', '2022-03-17 00:37:24'),
(22, 'Jenny raisa', '9127316610', 'jennyraisanath', '0', '0', '5516', '2022-03-17 00:52:03'),
(23, 'Jennyraisa', '8638542431', 'jennyraisanath', '1', '1', '3955', '2022-03-17 00:59:14'),
(27, 'Paritosh Sarkar', '9615243315', '9615243315', '0', '0', '2163', '2022-03-22 18:29:22'),
(28, 'sg4328000@gmail.com', '6002522787', '123amrit', '995', '1', '8670', '2022-03-24 00:31:04'),
(30, 'DIPANKOR BORUABORUAH ', '8486308630', '1234', '0', '1', '5477', '2022-03-24 01:05:09'),
(31, 'Pradip boro', '9864420623', 'boro123', '0', '1', '2898', '2022-03-24 02:51:09'),
(32, 'Aksar ', '8453272785', '786786786', '0', '0', '3875', '2022-03-24 03:03:01'),
(33, 'Suresh baishya', '7099324425', 'suresh', '0', '1', '3957', '2022-03-24 03:12:42'),
(34, 'Suraj Deka', '8638594142', 'suraj4142', '0', '1', '9394', '2022-03-24 06:17:12'),
(35, 'Subhom sarkar', '9101678590', '4321', '0', '1', '7108', '2022-03-24 09:37:06'),
(36, 'Nabaranjan sarma ', '9101002997', '1983', '0', '1', '8220', '2022-03-24 10:04:48'),
(37, 'Pritam dutta ', '7002937360', '784001', '0', '1', '8179', '2022-03-24 10:33:07'),
(38, 'RMEN RAY', '7002173640', '1234', '0', '1', '5510', '2022-03-24 11:02:59'),
(39, 'wasim akter chowdhury', '7002983009', 'wasim123', '0', '0', '1141', '2022-03-24 11:14:39'),
(40, 'Prasanjit', '9954480476', '784149', '0', '1', '9220', '2022-03-24 11:16:13'),
(41, 'Dadul Medhi', '9678926017', '9678926017', '0', '1', '8628', '2022-03-24 12:12:32'),
(42, 'Raj ', '9127121482', 'Allah@786', '0', '1', '6581', '2022-03-24 12:35:27'),
(43, 'wasim akter', '7086167718', 'wasim123', '0', '0', '3978', '2022-03-24 12:40:50'),
(44, 'NABAJIT DAS', '9678762787', 'Naba@123', '0', '1', '3981', '2022-03-24 12:56:27'),
(45, 'Himan', '7002283440', 'password', '0', '1', '2596', '2022-03-24 13:33:27'),
(46, 'Abdul Malek', '6002461585', '123456', '0', '1', '8652', '2022-03-24 13:34:36'),
(47, 'konkonmodak8146@gmail.com', '8812892962', 'king', '0', '0', '7825', '2022-03-24 13:34:48'),
(48, 'puravimandal', '9395382132', '6666', '0', '1', '3208', '2022-03-24 13:35:29'),
(49, 'Mayur sekh ', '9182047823', 'mayur786', '0', '1', '3262', '2022-03-24 13:56:46'),
(50, 'Parismita Changmai', '6001282271', 'parismita600', '0', '1', '4007', '2022-03-24 14:30:05'),
(51, 'Papu ', '9854409408', 'A12345', '0', '1', '8629', '2022-03-24 14:30:18'),
(52, 'Nurislam ali', '9365825137', 'dhupdhara', '0', '1', '2591', '2022-03-24 15:14:44'),
(53, 'Ram das', '9957328957', '909090', '0', '1', '1189', '2022-03-24 15:56:11'),
(54, 'Jomin', '7002915822', '70029158', '0', '1', '5808', '2022-03-24 16:18:20'),
(55, 'Biman samad', '9365794366', 'teer143', '0', '1', '2421', '2022-03-24 16:59:12'),
(56, 'Bikram Mushahary', '6900651865', 'bikrammm', '0', '1', '6426', '2022-03-24 17:31:01'),
(57, 'Arjun', '8217336991', '123456', '0', '1', '1300', '2022-03-25 02:17:36'),
(58, 'Agarik', '8974109811', 'Agarikmomin@2000', '0', '1', '7192', '2022-03-25 02:40:40'),
(59, 'Khosnur ali', '6003526844', '781123', '0', '1', '9353', '2022-03-25 15:30:04'),
(60, 'Sulmanali', '7002297168', '12345678', '0', '1', '4502', '2022-03-25 16:12:19'),
(61, 'text', '1234', 'text', '0', '0', '7341', '2022-03-26 12:14:57'),
(62, 'saddimshussin2737@gmail.com', '8974034714', 'Saddam78', '0', '1', '9758', '2022-03-26 13:37:56'),
(63, 'MINTU Phukan ', '7896759874', '001984', '667', '1', '5145', '2022-03-27 02:59:59'),
(64, 'Santoshkumar', '9401679799', 'santosh', '0', '1', '6440', '2022-03-27 15:39:18'),
(65, 'RAJESH KANNA ', '9154224900', 'krishnakumar00', '0', '1', '8063', '2022-03-27 19:35:04'),
(66, 'Sahajahan Ahmed', '9864398130', 'saha@123', '0', '1', '2862', '2022-03-27 21:25:44'),
(67, 'Najrul ', '9101236048', 'najrul', '0', '1', '1777', '2022-03-28 11:38:54'),
(68, 'Rahul Ali', '9678110736', '786786', '0', '1', '7379', '2022-03-29 13:06:01'),
(69, 'Veni', '8413041915', 'bimol@2002', '0', '0', '9125', '2022-03-29 14:21:53'),
(70, 'Renbemo', '8974325862', '8974325862', '0', '1', '2911', '2022-03-29 14:44:50'),
(71, 'Veni', '9362879612', 'bimol@2002', '0', '1', '1139', '2022-03-29 15:04:17'),
(72, 'mestinmarak337@gmail.com', '9612195770', '9612195', '0', '0', '1486', '2022-03-29 18:44:19'),
(73, 'das145578@gmail.com', '8415873804', 'x605IN!LEsWPPvg', '0', '1', '8722', '2022-03-30 03:35:44'),
(74, 'Lolitchondro Chakma', '9362878850', '936287', '0', '1', '2933', '2022-03-30 15:45:39'),
(75, 'Bahduh wan', '9366776649', '123promises123', '0', '1', '5865', '2022-03-30 17:52:59'),
(76, 'Micky kharumnuid', '7085337461', 'marry567890', '0', '1', '5595', '2022-03-31 00:19:55'),
(77, 'Rajib', '9394101146', 'Rajib9394', '0', '1', '8228', '2022-03-31 02:07:00'),
(78, 'MAIJUL HAQUE ', '7002419597', 'maijulmaijul7@gmail.com', '0', '1', '8450', '2022-03-31 10:21:13'),
(79, 'Debabrata Mishrade', '600146064927', '27/06/1966', '0', '0', '2434', '2022-03-31 12:37:12'),
(80, 'sumitdas4278@gmail.com', '6000425299', 'sumit', '0', '1', '9725', '2022-03-31 15:44:04'),
(81, 'robert  hemrom', '9101296513', '1234', '0', '1', '3178', '2022-03-31 16:40:28'),
(82, 'Mhonpemo Kikon', '7005576367', 'kikonkikon', '0', '1', '6478', '2022-03-31 17:29:03'),
(83, 'amisonsangma898@gmail.com', '9954864407', '9954864407', '0', '1', '2654', '2022-03-31 17:41:17'),
(84, 'Gracebin ', '8794659253', 'patchiba', '0', '1', '9087', '2022-03-31 18:04:48'),
(85, 'earnestgashnga@gmail.com', '7005309742', 'arick', '0', '1', '9176', '2022-03-31 18:10:21'),
(86, 'Binod munda', '9863544199', '123456', '0', '1', '8128', '2022-03-31 19:18:05'),
(87, 'Raju', '6361192836', 'v1234567', '0', '1', '8675', '2022-03-31 19:31:52'),
(88, 'Bhaben ', '6002356381', 'assam1234', '0', '1', '3124', '2022-03-31 20:05:52'),
(89, 'John', '9395140121', '123ngullie', '0', '1', '4920', '2022-03-31 20:14:59'),
(90, 'Mizanur', '8822463426', '098765', '0', '1', '7125', '2022-03-31 22:17:14'),
(93, 'baraikramnath@gmail.com', '6001640830', '12345678', '0', '1', '8531', '2022-03-31 23:20:39'),
(94, 'Rashidahmed', '9859882706', 'Rr@985988', '0', '1', '6204', '2022-03-31 23:24:48'),
(95, 'nurzamala774@gmail.com', '7636993474', '7636993474', '0', '1', '6584', '2022-03-31 23:55:08'),
(96, 'janshisdebbarma@gmail.com', '7005874064', '7005874064', '0', '1', '1991', '2022-04-01 00:07:35'),
(97, 'Rinku roy', '8812045209', '8812045209', '0', '1', '9273', '2022-04-01 00:19:24'),
(98, 'Rofiqul Islam', '6003120686', '986212', '0', '1', '7774', '2022-04-01 00:52:26'),
(99, 'Mangal Chakma', '7630873901', 'love1432', '0', '1', '3157', '2022-04-01 03:10:47'),
(100, 'chakmanayanjyoti5@gmail.com', '9863410442', 'Sanchi', '0', '1', '3661', '2022-04-01 09:48:17'),
(101, 'Michael tlangthankhuma ', '9436353640', 'michael0643*', '0', '1', '9172', '2022-04-01 11:00:56'),
(102, 'Bikash debbarma', '8787652702', '878765', '0', '1', '6873', '2022-04-01 14:39:26'),
(103, 'sudansudas38@gmail.com', '8787685646', '0000', '0', '1', '5208', '2022-04-01 17:07:53'),
(104, 'jatindrareang', '8974696254', '89746962', '0', '1', '9674', '2022-04-01 18:10:12'),
(105, 'Anup Sharms', '8876120185', 'amlighat', '0', '0', '7347', '2022-04-01 18:10:15'),
(106, 'Bhaskar.biswas', '9366046776', 'bhaskar87', '0', '1', '9140', '2022-04-01 18:29:32'),
(107, 'Hencefil marak', '8837446068', 'Arkida123', '0', '1', '9520', '2022-04-01 18:32:06'),
(108, 'Hemendra Jamatia ', '8837466373', 'Malukti', '0', '1', '8173', '2022-04-01 18:36:52'),
(109, 'sengwatrmarakrmarak@gmail.com', '8787325744', 'GS0HdqCFcDITu_o', '0', '1', '8414', '2022-04-01 19:10:52'),
(110, 'binodkrchakz@gmail.com', '8472078239', 'sumita', '0', '1', '6453', '2022-04-01 21:43:22'),
(111, 'parimalbarman1080@gmail.com', '7002857552', '12345', '0', '1', '7458', '2022-04-01 23:33:18'),
(112, 'Shubashtin Hasda', '7896065989', '5989', '0', '1', '6888', '2022-04-01 23:54:19'),
(113, 'Sanjib', '9101600445', '008897', '0', '1', '5848', '2022-04-02 00:21:35'),
(114, 'Jahirul Islam ', '7099673800', '9435881291', '0', '1', '2777', '2022-04-02 01:31:05'),
(115, 'Hiren mandala', '7635935647', '5987', '0', '1', '5210', '2022-04-02 02:14:28'),
(116, 'Rahul sharma', '9862658875', 'rahullll', '0', '1', '4085', '2022-04-02 03:29:46'),
(117, 'Billal Miah', '8731869801', '258025', '0', '1', '1325', '2022-04-02 10:06:37'),
(118, 'harendratripura855@gmail.com', '7005588216', '46578959', '0', '1', '1696', '2022-04-02 11:15:53'),
(119, 'Saiyed ali', '9365426541', '9365426541', '0', '1', '7559', '2022-04-02 11:51:01'),
(120, 'zionlalnunkimadarlong@gmail.com', '1986', '7005521263', '0', '0', '7127', '2022-04-02 12:37:03'),
(121, 'Samiranjan', '9700045585', 'samiranj', '4', '1', '6757', '2022-04-02 17:00:49'),
(122, 'Nayan Jyoti Nath', '6468469776', 'qwerty', '0', '1', '4687', '2022-04-02 17:26:04'),
(123, 'Rup Saikia', '9678772984', 'dadu9678', '310', '1', '6172', '2022-04-02 18:05:44'),
(124, 'Tripbath Marak ', '7002199322', 'Tripbath@123', '0', '1', '7733', '2022-04-02 19:00:48'),
(125, 'Prejip sangma', '9362849765', '3263', '0', '1', '2998', '2022-04-02 21:32:24'),
(126, 'Thawpe Daimari', '8638539409', 'jjaacckkssoonn', '0', '1', '9178', '2022-04-02 21:43:34'),
(127, 'Arjun Dey', '937375135622', '225577', '0', '0', '5710', '2022-04-02 21:56:30'),
(128, 'Fwilao Basumatary', '6000301132', '8473801159', '0', '1', '1272', '2022-04-02 22:23:24'),
(129, 'Sonmani Baishya', '7896114581', '12345678', '0', '1', '1959', '2022-04-02 22:44:24'),
(130, 'Ritul Ali', '9101998247', 'ritulali', '0', '1', '2549', '2022-04-02 23:19:06'),
(131, 'Repon Chakma', '7629091286', '98632031', '0', '1', '5600', '2022-04-03 00:32:53'),
(132, 'Bhumika Kalai ', '8369194001', 'Bhumika', '0', '1', '7077', '2022-04-03 00:55:14'),
(133, 'Jahinur Islam', '9957628810', 'jahinuraslam123', '0', '1', '2696', '2022-04-03 01:33:36'),
(134, 'Jahinur Islam', '9958628810', 'jahinuraslam123', '0', '0', '2200', '2022-04-03 01:34:49'),
(135, 'Latifur rahman', '8099212204', '555555', '0', '1', '6350', '2022-04-03 02:40:41'),
(136, 'Ledika Marak', '6900938233', '12345678', '0', '1', '6237', '2022-04-03 03:02:47'),
(137, 'Rupak Saha', '7002702934', '7896173687', '0', '1', '2968', '2022-04-03 05:42:12'),
(138, 'SURENDRAJIT', '7628848485', '791120', '0', '1', '4878', '2022-04-03 14:31:28'),
(139, 'Jivitochakma Jivito', '8132996131', 'jivitobahon', '0', '1', '5226', '2022-04-03 15:29:38'),
(140, 'Minhaz Ali', '9864530117', 'minali1234', '0', '1', '9706', '2022-04-03 16:04:44'),
(141, 'Ruhan Hazarika', '6002607568', 'q1w2e3r4', '0', '1', '4586', '2022-04-03 16:35:53'),
(142, 'Rahul ahmed', '8133938258', 'jiya123', '0', '1', '8726', '2022-04-03 16:44:21'),
(143, 'Sulta khan', '9366855537', 'jakson', '0', '1', '8621', '2022-04-03 18:41:12'),
(144, 'Srikanta Namasudra', '9577045753', '957704', '0', '1', '1793', '2022-04-03 22:02:40'),
(145, 'Asifuddin Asifuddin', '8399870366', 'Asifss', '0', '1', '8074', '2022-04-03 22:46:24'),
(146, 'Subham Saikia', '6003260514', '8486077080', '0', '1', '1278', '2022-04-04 04:50:23'),
(147, 'Pritom Roy', '9863297514', 'wReEz!8TS35I!WL', '0', '1', '7467', '2022-04-04 05:31:11'),
(148, 'Ranjit Hajong', '9366397583', '1234', '0', '0', '6928', '2022-04-04 13:38:15'),
(149, 'Suraj Kumar', '8787634257', 'ZL1qfk9MQ_vVC-t', '0', '1', '5121', '2022-04-04 13:48:56'),
(150, 'Ringchang marak', '6009388048', 'marak13', '0', '1', '7397', '2022-04-04 13:52:34'),
(151, 'Jyotsna Barua', '9862448771', 'sk5155', '0', '1', '4542', '2022-04-04 14:38:38'),
(152, 'Abdul J Ali', '9101258054', 'zxcvbnm', '0', '1', '9260', '2022-04-04 18:35:00'),
(153, 'Binod munda', '919863544199', '123456', '0', '0', '7772', '2022-04-04 20:02:15'),
(154, 'Abenthung E. Jungi', '9612844991', 'Nagaland', '0', '1', '4956', '2022-04-04 21:49:18'),
(155, 'Pitor sangma ', '9365937779', '12345', '0', '1', '7243', '2022-04-04 21:49:26'),
(156, 'Saddam hossen', '6001841837', '12345', '0', '0', '3878', '2022-04-04 21:54:02'),
(157, 'Tsupon Ngullie Ngullie', '7005783433', 'admin123', '0', '1', '7300', '2022-04-04 22:00:22'),
(158, 'Nuramin', '7638869720', '76388697', '0', '1', '8616', '2022-04-04 22:48:35'),
(159, 'Alamo tungoe', '6009657803', 'Alamo@***', '0', '1', '6178', '2022-04-04 23:53:41'),
(160, 'Mahidul Islam', '8486498828', 'sahil123', '0', '1', '7004', '2022-04-04 23:59:02'),
(161, 'Rongkam M Sangma', '6009905663', 'rongkam23', '0', '1', '9248', '2022-04-05 00:12:08'),
(162, 'Mohidu', '7635997698', '1234567890', '0', '1', '2989', '2022-04-05 00:24:47'),
(163, 'Mittan Malakar Malakar', '8486894817', '1435', '0', '1', '4782', '2022-04-05 00:37:38'),
(164, 'Neetu Raaj ', '9864992296', 'realme', '0', '1', '8133', '2022-04-05 01:37:38'),
(165, 'Faruk Ahmed', '7636869180', '8730929769', '0', '0', '5696', '2022-04-05 01:40:37'),
(166, 'Skl', '8073485997', 'skl1985', '672', '1', '6011', '2022-04-05 03:19:48'),
(167, 'Lumlang Suting', '8730837333', 'deadbyapril', '0', '1', '1547', '2022-04-05 03:37:20'),
(168, 'Chiranjit Telenga', '8792232752', 'chiranjit420', '0', '1', '4278', '2022-04-05 04:02:47'),
(169, 'Gautam Bora', '8638491199', 'Gautam@123', '0', '1', '4599', '2022-04-05 09:06:19'),
(170, 'Tirajit Debbarma', '8837231182', '12345', '0', '0', '2293', '2022-04-05 11:36:59'),
(171, 'Dominik Manda', '6009423257', 'dominik', '0', '1', '4017', '2022-04-05 11:45:13'),
(172, 'Andrew s dkhar', '7085363142', 'shangkar', '0', '1', '7858', '2022-04-05 11:56:59'),
(173, 'kishan thapa', '6033110710', 'Thapa2119@', '0', '0', '1693', '2022-04-05 14:06:49'),
(174, 'kishan thapa', '6909057623', 'Thapa2119@', '0', '0', '8981', '2022-04-05 14:12:41'),
(175, 'kishan thapa', '8794124941', 'Thapa2119@', '0', '1', '5944', '2022-04-05 14:17:40'),
(176, 'Biswojit', '6901356918', '7637946544', '0', '1', '9547', '2022-04-05 14:46:30'),
(177, 'Michael ', '8787408211', 'shillongteer96', '0', '1', '6899', '2022-04-05 14:52:46'),
(178, 'Biplab Das', '8257979487', '97741364', '0', '1', '6545', '2022-04-05 15:06:22'),
(179, 'Senggrik marak ', '6009196131', '12345678', '0', '1', '3641', '2022-04-05 15:11:08'),
(180, 'Bagyapati', '9862440159', 'Bagyapati', '0', '1', '7348', '2022-04-05 15:49:16'),
(181, 'Basan', '9366711158', 'sonjyo', '0', '1', '7144', '2022-04-05 16:26:52'),
(182, 'Rituparna Keleng', '7636805342', '763680', '0', '1', '4230', '2022-04-05 17:19:41'),
(183, 'Nayan Jyoti Nath', '99', 'admin', '0', '0', '1261', '2022-04-05 21:43:57'),
(184, 'Shiril Barla', '9957319958', 'Monisa@81', '0', '1', '8952', '2022-04-05 23:08:04'),
(185, 'BIPLAB KALITA', '9954459995', '995445995', '0', '0', '3385', '2022-04-06 00:38:19'),
(186, 'Chathe mog', '6033134798', '12345', '0', '1', '9870', '2022-04-06 01:45:42'),
(187, 'Sukanth', '6009149791', 'Sukanta321', '0', '1', '1558', '2022-04-06 02:31:19'),
(188, 'Dulal Mollah', '9954450413', '952300', '0', '1', '5075', '2022-04-06 13:07:58'),
(189, 'Akkil Sangma', '9863639697', 'i-5$$XVd4qxPN3W', '0', '1', '8976', '2022-04-06 13:17:44'),
(190, 'Babby', '6000275455', 'Bxppd5786d', '0', '1', '1477', '2022-04-06 13:31:37'),
(191, 'Pronab', '6000815924', 'pron@bh00.', '0', '1', '6857', '2022-04-06 13:45:57'),
(192, 'TJ GAMING', '7005238203', '7085658839', '0', '1', '8093', '2022-04-06 13:51:08'),
(193, 'L Regal Ngullie', '6009076234', 'mhonbeniregal', '0', '1', '6738', '2022-04-06 13:57:46'),
(194, 'Shibarabha', '8135963834', 'Shiba@123', '0', '1', '3351', '2022-04-06 14:00:05'),
(195, 'Nurislam Ahmed', '8638312282123456', '123456', '0', '0', '8523', '2022-04-06 14:18:36'),
(196, 'Gautam Gurung', '6002753775', '123456', '0', '1', '8100', '2022-04-06 14:57:19'),
(197, 'DIKESH JAMATIA', '8787448070', 'dks@123#', '0', '1', '8516', '2022-04-06 16:42:25'),
(198, 'Biplab Barman', '7002906016', 'Bips.1805', '0', '1', '3407', '2022-04-06 18:56:52'),
(199, 'Mangal Das', '8119050442', '811905044', '0', '1', '1829', '2022-04-06 22:53:59'),
(200, 'Sahit Ali', '9365422645', '9365422645', '0', '0', '9331', '2022-04-06 23:15:03'),
(201, 'Rana Das', '7636028013', 'rana das', '0', '1', '8953', '2022-04-07 01:28:49'),
(202, 'DHARAMJIT DOLEY', '9706482106', 'Doley123@', '150', '1', '9234', '2022-04-07 01:40:29'),
(203, 'Bmk', '7085289423', '7085', '0', '1', '7293', '2022-04-07 01:42:29'),
(204, 'Syadur Ali', '7636819830', '444444', '0', '1', '8336', '2022-04-07 01:59:52'),
(205, 'happyboy jaan', '8011651076', 'happyboy123', '0', '1', '5017', '2022-04-07 05:03:44'),
(206, 'Prosenjit Barman', '9101865290', 'prosenjit123', '0', '1', '3630', '2022-04-07 11:40:24'),
(207, 'Rakesh Reang', '9612980347', 'rakeshrex5', '0', '1', '6449', '2022-04-07 12:06:10'),
(208, 'Raj', '7638821508', 'jaan.com', '0', '1', '1811', '2022-04-07 13:21:46'),
(209, 'GAUTAM DAS', '7896110382', 'gad345', '0', '1', '3465', '2022-04-07 13:31:00'),
(210, 'Bimal Chakma', '6909893020', 'bimal1432', '0', '1', '3831', '2022-04-07 13:40:29'),
(211, 'Sahas Kumar Jamatia', '9863389732', '12345678', '0', '1', '7445', '2022-04-07 14:10:57'),
(212, 'Hmingthanga Darlong', '7005511080', 'password', '0', '1', '3615', '2022-04-07 14:18:19'),
(213, 'Samir Debbarma', '6009683105', 'Samir@123', '0', '1', '8532', '2022-04-07 15:28:43'),
(214, 'md Hassan Ahmed ', '9476835541', '038430', '10', '1', '3669', '2022-04-07 18:11:50'),
(215, 'Sanjoy Reang', '8132050859', 'Snjoyr@123', '0', '1', '2084', '2022-04-07 22:50:37'),
(216, 'PURAN BDR THAPA', '8729904564', 'PURAN@88', '0', '1', '4864', '2022-04-08 10:55:41'),
(217, 'Bikash Das', '8453966272', 'bkbikash', '0', '1', '9643', '2022-04-08 12:48:49'),
(218, 'Jakir Hussain', '8812853920', '9101542700', '0', '1', '3310', '2022-04-08 13:11:22'),
(219, 'Bidangsha Daimari', '9854207852', 'Bidangsharock', '0', '1', '4629', '2022-04-08 13:43:51'),
(220, 'Kritimahan', '6009473117', 'amit123', '0', '1', '3915', '2022-04-08 17:31:08'),
(221, 'Sabsin Noob', '9362910030', '9362910030', '0', '1', '6926', '2022-04-08 18:53:57'),
(222, 'Ribeng ', '9366238640', '123456789', '0', '1', '7292', '2022-04-08 20:02:29'),
(223, 'Hapa', '8453847776', 'd88765457', '0', '1', '6116', '2022-04-08 20:15:27'),
(224, 'Sunshine sangma', '9863524315', 'Sunshine sangma', '0', '1', '9649', '2022-04-08 22:22:15'),
(225, 'Bimal Thakur', '7636987619', 'CE2yhw3SJ1E_bVe', '0', '0', '8858', '2022-04-08 22:56:48'),
(226, 'Bapan', '6009720205', 'bapand', '0', '1', '7442', '2022-04-08 23:15:09'),
(227, 'Biswajit Rabha', '6001890463', '123456789', '0', '1', '7079', '2022-04-08 23:32:15'),
(228, 'Raju Ali sheikh ', '9365262580', '123456789', '0', '1', '1390', '2022-04-09 00:34:09'),
(229, 'Mithinga basumatary', '6000490698', '12121212', '0', '1', '8624', '2022-04-09 01:06:40'),
(230, 'Rameswar sarkar', '9366745126', '45645600', '0', '1', '5188', '2022-04-09 01:24:00'),
(231, 'Janat Narzary', '6900650931', '783394', '0', '1', '3903', '2022-04-09 03:12:49'),
(232, 'Ajoy Roy', '8011887712', '123456789', '0', '1', '5599', '2022-04-09 03:13:53'),
(233, 'Mantu Kalita', '6002114706', 'Jay#1992', '1', '1', '3260', '2022-04-09 05:27:43'),
(234, 'Chiran chakma', '9366154235', 'Chiran@123', '0', '1', '6253', '2022-04-09 05:39:26'),
(235, 'Laxmi Bikash Chakma', '9612228393', 'lbchakma123', '0', '1', '4746', '2022-04-09 08:32:01'),
(236, 'Teer', '8414954525', '908090', '0', '1', '9362', '2022-04-09 10:30:56'),
(237, 'Sobai Pakma', '8575384539', '878799', '0', '1', '3116', '2022-04-09 10:34:43'),
(238, 'Dhomenjoy', '8414968870', 'Dho@8414', '0', '1', '8793', '2022-04-09 11:25:49'),
(239, 'Harisankar Ray', '7002616548', '0309', '0', '1', '5482', '2022-04-09 12:18:57'),
(240, 'Harisankar Ray', '700261654', '61654', '0', '0', '6309', '2022-04-09 12:23:51'),
(241, 'Djb Baro', '9678059261', 'jinabaro', '0', '1', '5107', '2022-04-09 12:50:04'),
(242, 'Raj paul', '9678810116', 'raj1234', '0', '0', '4508', '2022-04-09 12:57:03'),
(243, 'SWRGWNI LAMA', '9395683228', 'tamash hazowary', '0', '1', '7942', '2022-04-09 12:59:08'),
(244, 'Mrk', '6009190253', 'lidiapious30', '0', '1', '5512', '2022-04-09 13:28:29'),
(245, 'Panseng Nokrek', '6909829625', 'panseng', '0', '1', '8097', '2022-04-09 13:38:54'),
(246, 'Shibu das ', '7002590586', '@12345', '0', '1', '8592', '2022-04-09 13:53:52'),
(247, 'Rejuwan Ali', '7099348996', 'rejuwan786', '0', '0', '6283', '2022-04-09 14:03:02'),
(248, 'Sumithra Kajur', '6900530767', '123456', '0', '1', '6091', '2022-04-09 15:07:53'),
(249, 'Partha Das', '9612267729', '96122677', '0', '1', '6615', '2022-04-09 17:38:42'),
(250, 'Monowar hussain', '9864851269', '9706357451', '0', '1', '6999', '2022-04-09 18:22:10'),
(251, 'SG', '8250053793', 'qwerty', '0', '0', '3552', '2022-04-09 22:05:34'),
(252, 'Rabi b Marak ', '8837482502', '2356', '0', '1', '7164', '2022-04-09 22:06:16'),
(253, 'Test', '9988998899', 'qwerty', '0', '1', '4764', '2022-04-09 22:08:15'),
(256, 'Dev45678', '1111222233', 'qwerty', '0', '1', '6228', '2022-04-09 23:14:30'),
(257, 'Rupan das', '9395518751', 'Rupan+++', '0', '1', '2591', '2022-04-09 23:33:06'),
(258, 'Abubakkar Siddique', '7635912361', '7635912361', '50', '1', '9909', '2022-04-10 00:46:22'),
(259, 'Ferajul Ras', '7002266962', 'ras149', '0', '1', '5043', '2022-04-10 01:05:59'),
(260, 'Manjil', '7002195649', 'manjil05', '0', '0', '9340', '2022-04-10 02:00:58'),
(261, 'Krishna', '9066462440', 'krishna@123', '0', '1', '2055', '2022-04-10 02:16:13'),
(262, 'Bijay kumar das', '9436298493', 'surjamondas', '0', '1', '6551', '2022-04-10 04:18:30'),
(263, 'Remmaiya reang', '8095811627', 'remmaiya1234', '0', '1', '2804', '2022-04-10 08:44:22'),
(264, 'Shyamal Debbarma', '9612954154', '9612954154', '0', '1', '3262', '2022-04-10 09:58:33'),
(265, 'Rajib Boro', '8974865377', '897486', '0', '1', '8082', '2022-04-10 10:50:53'),
(266, 'Dipak Rabha', '9678406196', '967840', '0', '1', '9053', '2022-04-10 10:58:07'),
(267, 'Pradip Debnath', '6009370582', '1234', '0', '1', '4134', '2022-04-10 11:13:23'),
(268, 'tony reang', '6009444322', '123456@', '0', '1', '3116', '2022-04-10 12:06:01'),
(269, 'Bedanta Bikash', '7002364840', 'system', '0', '1', '1802', '2022-04-10 12:58:42'),
(270, 'Ramen Swargiary', '7892667709', 'Ramen@9090', '0', '1', '8481', '2022-04-10 16:25:55'),
(271, 'Rakibhasan', '01311145367', 'Rakib6767', '0', '0', '7363', '2022-04-10 16:33:49'),
(272, 'Manjil deka ', '6026669135', 'manjil05', '0', '1', '9974', '2022-04-10 16:56:52'),
(273, 'Moon baruah', '8638027877', 'mbSB@890', '0', '1', '4830', '2022-04-10 19:46:32'),
(274, 'RAKIBHASAN', '01305714523', 'rakib6767', '0', '0', '3772', '2022-04-10 19:46:58'),
(275, 'Toser Ali', '6001104231', '123456789', '0', '1', '7409', '2022-04-11 06:42:20'),
(276, 'Ram Chetry', '7002536916', '123456', '10', '1', '1747', '2022-04-11 11:21:07'),
(277, 'Raykon', '8134899902', 'khelo5', '0', '1', '4999', '2022-04-11 14:08:15'),
(278, 'Rofique MONDAL', '6382704759', '783129', '0', '1', '5492', '2022-04-11 15:18:04'),
(279, 'Pranab Mahanta', '9365149293', 'Pranab123@', '0', '1', '9791', '2022-04-11 16:00:54'),
(280, 'Chandrakanta Sinha', '7002753836', 'abcdep', '0', '1', '8016', '2022-04-11 16:09:38'),
(281, 'Dhaneswar nath ', '9435046729', '123456', '0', '1', '3302', '2022-04-11 16:18:11'),
(282, 'Rupjyoti rabha', '9864829994', '112233', '0', '1', '6767', '2022-04-11 16:29:35'),
(283, 'Rustam khan', '9101034257', 'rustam', '0', '1', '5492', '2022-04-11 20:42:19'),
(284, 'Jenoth Marak', '8453440317', '8453440317', '0', '1', '5125', '2022-04-11 22:28:25'),
(285, 'Silseng chisik Silseng chisik', '9863449646', '9863449646', '0', '1', '4775', '2022-04-11 22:56:54'),
(286, 'Sahidur Islam Sheikh ', '8402996219', '1983', '0', '1', '4660', '2022-04-12 01:48:35'),
(287, 'Aminur Islam', '9957900915', '123456', '0', '1', '4732', '2022-04-12 02:51:46'),
(288, 'Dipon Roy', '6000563894', '881199', '0', '1', '4361', '2022-04-12 03:12:50'),
(289, 'Rajkumar Taye ', '7577970216', 'teer@123', '0', '1', '4223', '2022-04-12 04:21:56'),
(290, 'DIPAK harijan', '6001884776', 'qwert', '0', '1', '1885', '2022-04-12 05:20:20'),
(291, 'Maaza', '9378042863', '9378042863', '0', '1', '6984', '2022-04-12 08:07:47'),
(292, 'Prabhath ch chakma', '6009677390', 'Prabath123@', '0', '1', '6787', '2022-04-12 10:07:01'),
(293, 'Rocky', '9127331172', 'rocky1234', '0', '1', '3429', '2022-04-12 11:03:17'),
(294, 'Submit Das', '6003868716', '985953', '0', '1', '9365', '2022-04-12 11:06:48'),
(295, 'MOHIR UDDIN AHMED', '9435037864', '786@mohir', '0', '1', '9997', '2022-04-12 11:11:31'),
(296, 'Puki rozi', '9101935022', 'Ala@123', '0', '1', '1382', '2022-04-12 17:11:46'),
(297, 'Babul Das', '9366476505', 'babulroy', '0', '1', '4687', '2022-04-12 21:09:45'),
(298, 'Jim ', '9862036251', '987654321', '0', '1', '4644', '2022-04-13 00:17:36'),
(299, 'Mithun Rajkhowa', '9101604244', 'MITHUN821', '0', '1', '1975', '2022-04-13 12:47:12'),
(300, 'Aparna Thapa', '8876859049', '134', '0', '1', '6011', '2022-04-13 14:03:06'),
(301, 'Niranjoy Wary', '8473099401', 'nelekuta', '0', '1', '3313', '2022-04-13 14:10:21'),
(302, 'Andyray', '8730859037', 'andyray1993', '0', '1', '1290', '2022-04-13 14:39:49'),
(303, 'Tutan datta', '6009766673', '813286', '10', '1', '5733', '2022-04-13 14:47:46'),
(304, 'Dilwar Hussain', '6003146215', '123456489', '0', '1', '7580', '2022-04-13 15:29:36'),
(305, 'ABDUL  MALEK ', '9365903518', '456789', '0', '1', '4181', '2022-04-13 17:24:11'),
(306, 'Nayan Nath', '9365914505', 'nnath235', '20', '1', '4317', '2022-04-13 18:01:01'),
(307, 'Raja Teron', '9101598300', '12345', '0', '1', '8998', '2022-04-13 18:33:49'),
(308, 'Aparna Thapa', '6913612650', '1234', '0', '1', '1272', '2022-04-13 19:45:53'),
(309, 'Binanto hajong', '9366571467', 'rkmvcc@123', '0', '1', '2783', '2022-04-13 19:52:25'),
(310, 'Rasidul singer', '8822336972', '882233', '0', '1', '9263', '2022-04-14 00:07:30'),
(311, 'Rasidul singer', '882336972', '882233', '0', '0', '6134', '2022-04-14 00:27:24'),
(312, 'Jaan', '88765391446543216', '654321', '0', '0', '5279', '2022-04-14 00:54:15'),
(313, 'Shiraj Miya', '8133926587', '813392', '0', '1', '3302', '2022-04-14 01:10:33'),
(314, 'Bitupan Borah', '8876539144', '654321', '0', '1', '8071', '2022-04-14 02:11:04'),
(315, 'Champak Patowary', '9508790971', '123456', '0', '1', '3972', '2022-04-14 02:25:09'),
(316, 'Kenro Lapang', '8798206331', 'lapang1234', '0', '1', '6013', '2022-04-14 02:33:18'),
(317, 'Jama rai Reang', '8974976888', 'jama rai', '0', '1', '5873', '2022-04-14 04:46:11'),
(318, 'Biren rabha', '9365101484', 'nirenrabha', '0', '1', '9104', '2022-04-14 08:20:47'),
(319, 'Haynasa Baro', '6000495115', '781344', '0', '1', '8534', '2022-04-14 08:29:43'),
(320, 'Bikashbasumataty', '7002320129', 'bikash@23', '0', '1', '6384', '2022-04-14 11:30:02'),
(321, 'Babul Haque', '7670000931', 'Semima@7806', '0', '1', '7250', '2022-04-14 12:36:08'),
(322, 'Roksai', '7005536930', 'Roksai123', '0', '0', '4991', '2022-04-14 13:17:57'),
(323, 'Sanjay kumar', '7505176674', 'ssssita@10', '0', '1', '2628', '2022-04-14 13:53:10'),
(324, 'Rofik Sk', '8099405916', '809940', '0', '0', '7186', '2022-04-14 14:45:33'),
(325, 'Durantadebbarma', '8787492521', '492521', '0', '1', '2850', '2022-04-14 16:55:14'),
(326, 'Shiraj Miya', '81339265871234567', '1234567', '0', '0', '3194', '2022-04-14 16:57:22'),
(327, 'Rajesh Shaw', '6003925589', '78961203', '0', '1', '4402', '2022-04-14 17:49:51'),
(328, 'Saiful Islam', '8471866638', 'saiful', '0', '1', '5006', '2022-04-14 22:12:45'),
(329, 'Rahul', '9345702693', '1234567', '0', '1', '1291', '2022-04-14 22:25:56'),
(330, 'Bittur nath', '7005375512', 'bitturnath', '0', '1', '5602', '2022-04-14 22:36:50'),
(331, 'Om prakash chetry', '8403082960', '87238670', '0', '1', '2051', '2022-04-15 00:14:00');

--
-- Indexes for dumped tables
--

--
-- Indexes for table `account_detail`
--
ALTER TABLE `account_detail`
  ADD PRIMARY KEY (`id`);

--
-- Indexes for table `bank_detail`
--
ALTER TABLE `bank_detail`
  ADD PRIMARY KEY (`id`);

--
-- Indexes for table `history`
--
ALTER TABLE `history`
  ADD PRIMARY KEY (`id`);

--
-- Indexes for table `rates`
--
ALTER TABLE `rates`
  ADD PRIMARY KEY (`id`);

--
-- Indexes for table `setting`
--
ALTER TABLE `setting`
  ADD PRIMARY KEY (`id`);

--
-- Indexes for table `test123`
--
ALTER TABLE `test123`
  ADD PRIMARY KEY (`id`);

--
-- Indexes for table `transaction`
--
ALTER TABLE `transaction`
  ADD PRIMARY KEY (`id`);

--
-- Indexes for table `user`
--
ALTER TABLE `user`
  ADD PRIMARY KEY (`id`);

--
-- AUTO_INCREMENT for dumped tables
--

--
-- AUTO_INCREMENT for table `account_detail`
--
ALTER TABLE `account_detail`
  MODIFY `id` int(11) NOT NULL AUTO_INCREMENT, AUTO_INCREMENT=23;

--
-- AUTO_INCREMENT for table `bank_detail`
--
ALTER TABLE `bank_detail`
  MODIFY `id` int(11) NOT NULL AUTO_INCREMENT, AUTO_INCREMENT=25;

--
-- AUTO_INCREMENT for table `history`
--
ALTER TABLE `history`
  MODIFY `id` int(11) NOT NULL AUTO_INCREMENT, AUTO_INCREMENT=352;

--
-- AUTO_INCREMENT for table `rates`
--
ALTER TABLE `rates`
  MODIFY `id` int(11) NOT NULL AUTO_INCREMENT, AUTO_INCREMENT=5;

--
-- AUTO_INCREMENT for table `setting`
--
ALTER TABLE `setting`
  MODIFY `id` int(11) NOT NULL AUTO_INCREMENT, AUTO_INCREMENT=2;

--
-- AUTO_INCREMENT for table `test123`
--
ALTER TABLE `test123`
  MODIFY `id` int(10) UNSIGNED NOT NULL AUTO_INCREMENT;

--
-- AUTO_INCREMENT for table `transaction`
--
ALTER TABLE `transaction`
  MODIFY `id` int(11) NOT NULL AUTO_INCREMENT, AUTO_INCREMENT=50;

--
-- AUTO_INCREMENT for table `user`
--
ALTER TABLE `user`
  MODIFY `id` int(11) NOT NULL AUTO_INCREMENT, AUTO_INCREMENT=332;
COMMIT;

/*!40101 SET CHARACTER_SET_CLIENT=@OLD_CHARACTER_SET_CLIENT */;
/*!40101 SET CHARACTER_SET_RESULTS=@OLD_CHARACTER_SET_RESULTS */;
/*!40101 SET COLLATION_CONNECTION=@OLD_COLLATION_CONNECTION */;
